Patch Number,Myocardial work value
1,5.41844419009413
2,4.62647553170947
3,5.51252414465111
4,4.71577097568922
5,5.7485297579276
6,5.91048394664505
7,4.85643026719738
8,4.81844741226274
9,3.85375640660192
10,5.90957296511084
11,5.71627959297795
12,5.399426972327
13,5.69233176011254
14,4.46832988573137
15,3.67172267645373
16,3.53890413752974
17,4.40155217407422
18,4.82858212117664
19,5.3174093916654
20,4.10653349783422
21,3.91725753552191
22,3.75158102611628
23,4.22432675721324
24,4.75961821531018
25,4.55382679272877
26,4.8655172390229
27,5.33346363805404
28,4.18378840285002
29,4.00580322086195
30,3.85161030582343
31,3.72109538316645
32,4.2060385778796
33,4.71627184522358
34,3.61099311614416
35,5.45018758592271
36,5.48484800328469
37,4.68896975947778
38,4.1127560563752
39,3.96963868822228
40,3.8502221624033
41,3.75411927342701
42,3.47707687629254
43,4.03609021389753
44,5.49912044358764
45,4.66149161391576
46,4.23592968537734
47,4.10322584282122
48,3.99416423425211
49,3.90830416488819
50,3.5870386973761
51,3.61977730679896
52,5.40754924871452
53,5.76357783380987
54,4.74826446793948
55,4.24967645601074
56,4.14997166815064
57,4.07330541903337
58,3.70664207967578
59,3.74378770882807
60,5.5522049885863
61,5.2958227747926
62,4.74848746347769
63,4.31444946124466
64,4.2456861855737
65,3.97561965199474
66,4.1547712380596
67,5.47231799839584
68,5.26359444324737
69,5.14169974164121
70,4.84607582255188
71,4.48046251542216
72,5.43353247891188
73,5.29549127169801
74,4.8769976427277
75,6.0756015061162
76,5.9441093119463
77,6.37188866458307
78,5.78627885747609
79,5.24872914222865
80,5.06362148475235
81,6.31356424342927
82,6.30746022178527
83,6.37039634965927
84,6.17078070847689
85,4.75348040001696
86,4.59172787620588
87,5.15057390632831
88,5.46642787710283
89,6.40725464510801
90,6.50605419969721
91,5.1931173259005
92,4.37119343854643
93,4.10483397002396
94,4.5005031958686
95,4.97024777476512
96,4.65536545350664
97,6.51677797442137
98,6.32935420314866
99,5.41489219455878
100,4.62832118145699
101,4.35259331884807
102,4.33722142530877
103,4.82036331016256
104,4.50694431548919
105,5.52898444908647
106,6.18768727732842
107,4.90497793548877
108,4.10744244202718
109,4.6995838860619
110,3.57793952421744
111,5.51097987252904
112,6.15413768594862
113,3.42987809253546
114,3.30081010869957
115,3.25561895365587
116,5.50710839585714
117,6.67519475699333
118,3.30981852479371
119,3.34226919231818
120,5.51621690062089
121,6.0632073215313
122,4.32278557095219
123,5.53709907261381
124,6.1012023137891
125,4.74031422758069
126,4.19625877166862
127,6.24057937826415
128,7.04038173780498
129,5.59209859652869
130,3.46996127853291
131,3.47407205860308
132,6.76987251336583
133,6.02143662678552
134,3.58164095006766
135,3.1871603552162
136,6.23276414557578
137,5.19469775536442
138,3.75686463968598
139,3.36233498656425
140,5.90294186067009
141,5.92121565645025
142,5.42453734502149
143,4.21045113606546
144,3.97759460854026
145,6.27781071516703
146,5.80566859340784
147,5.37237464084123
148,4.6554744275708
149,4.10204817499398
150,4.12198504717001
151,6.11957452679106
152,5.71798968830805
153,5.27489086977097
154,4.92980586176954
155,4.85923858764634
156,4.80979269748633
157,4.20716988392956
158,4.22472827366046
159,5.99449873428607
160,5.66066279484637
161,5.74556956430734
162,5.59781977131965
163,5.46734245100558
164,4.80126533950122
165,4.35621399174848
166,6.03331221138754
167,5.81659712843135
168,5.65493365474367
169,5.51100935087497
170,5.13936202118971
171,6.43022301750168
172,6.46788592954086
173,6.84207711146425
174,6.30186499121363
175,5.75636561220097
176,6.1381248956556
177,6.77415483282185
178,6.9405334682968
179,6.9406265515403
180,6.72307358799962
181,5.2219036196413
182,5.0637847100655
183,5.57247745839032
184,6.46058045756
185,6.88520236732384
186,7.09133033735469
187,5.72994906282635
188,4.90204611142773
189,4.85371130321754
190,5.28576625612986
191,4.12196259242222
192,6.99873544775975
193,7.20287449389051
194,5.94874149387724
195,3.97484898384796
196,5.45807509831409
197,7.12175031044514
198,7.15524830024932
199,6.18524029400595
200,5.54691885007805
201,5.44120681212992
202,5.40579183231397
203,5.11825646577741
204,4.20209575022712
205,4.1934520672512
206,6.16368685423954
207,6.57941167308278
208,3.1818469774945
209,3.84821699303826
210,4.44860690260789
211,3.13424902858372
212,6.51179102202004
213,3.08803478818001
214,2.90073725690663
215,2.76576417537763
216,6.88353173743383
217,2.96183512854984
218,2.8483829245872
219,6.93876349897326
220,3.03766363756632
221,2.94418799019571
222,8.06401425760547
223,7.68100520527603
224,3.12554003317582
225,2.67948625924792
226,7.18541462825096
227,3.1027669707629
228,3.90771332462559
229,6.33752326949218
230,4.58337941300689
231,3.98091539033596
232,7.33491974122785
233,3.11261642398329
234,3.35167137937378
235,7.00677714664094
236,2.85832486564038
237,6.60059859712145
238,7.00951823730944
239,2.80437027233358
240,6.59878733928783
241,3.74667621723033
242,3.13096196472296
243,6.40599715538248
244,6.72615317549211
245,3.83878457104709
246,3.52546310042275
247,7.05909592143087
248,6.32445060117573
249,4.01614430815839
250,4.5673094252153
251,6.41138433309385
252,6.15613356882786
253,4.19268133220522
254,6.20452413702811
255,6.01404516544161
256,4.44319115547045
257,4.16113962176247
258,6.03514775842323
259,5.77402185979589
260,5.96738650703899
261,5.38926422904378
262,5.40477823374617
263,5.37576249606395
264,4.84601754360538
265,6.51623205309573
266,5.8130494259849
267,5.44446741735779
268,5.84401779211765
269,5.48977820850549
270,5.8740863208021
271,7.49183181287107
272,7.98666316071904
273,7.7829775400638
274,7.49565433053934
275,7.77675317933997
276,7.16987835991567
277,7.40753578373924
278,6.86621322421854
279,6.33378419317522
280,6.58898557045963
281,7.63756285592576
282,7.65013380367832
283,6.57850975168526
284,5.75636352065499
285,5.34002925875684
286,5.63644336704814
287,6.05979106727605
288,4.91197640084514
289,6.3984083706639
290,7.60440834115139
291,6.0118447131325
292,5.59141046717809
293,4.87505390502685
294,4.50814067721278
295,5.13997540911083
296,4.01597389743802
297,5.02241515396566
298,4.21456929263026
299,7.60436315605762
300,8.05843769706768
301,6.63448129936444
302,5.95729974658298
303,5.39977616420715
304,5.65088974613083
305,4.49723699590798
306,4.45080641515412
307,3.88345452932603
308,7.73154231934767
309,7.34948010380211
310,6.87127652520532
311,6.08578102253237
312,3.97397812270743
313,2.98265730156852
314,3.56861235043274
315,4.15838112285775
316,2.69636040080028
317,6.69889714060095
318,6.89607657743762
319,3.24118186431634
320,2.97942984467014
321,2.73765170181534
322,2.56660825824624
323,3.37220170840074
324,7.74100592481891
325,2.72819172982203
326,3.38145993581944
327,3.94420260171476
328,2.20348614252287
329,7.23809344714051
330,2.60136915625987
331,2.2815047959762
332,1.6554311535839
333,6.8641155136671
334,2.33884155014872
335,1.66878199095223
336,7.28819810791799
337,2.41348100305354
338,1.96980274672478
339,7.54578180582074
340,7.29583181926101
341,2.50275799989575
342,3.09079800955364
343,6.88782018851076
344,6.89577298808938
345,2.35536340580774
346,2.80617618183477
347,7.10348526213145
348,2.12492332456255
349,7.44229350061592
350,2.71824057650532
351,6.57061991934016
352,4.30004784633253
353,7.62237682310581
354,4.40718215390838
355,7.2914597970041
356,3.65143977562865
357,7.27289040079919
358,3.45849806210002
359,6.97359220333868
360,4.42585085914265
361,6.95617309988914
362,4.38759730326553
363,7.51265458986984
364,4.99516409522592
365,6.40258272100976
366,5.08815700699122
367,6.24698007636655
368,6.36900166405575
369,4.06858085238408
370,6.67536028969043
371,6.17896264743093
372,4.80131653255171
373,6.37388259969845
374,5.98419773824333
375,4.98220131053526
376,6.52346835493804
377,6.0977565286773
378,5.6327949383652
379,5.77816982567261
380,5.40545436056908
381,6.00955353963825
382,5.90145602587812
383,7.77202286143648
384,8.1020201030063
385,8.11472402185323
386,7.80532487124102
387,7.40381770623948
388,7.40613613099325
389,7.98114248025284
390,8.59380207019078
391,6.95838935674293
392,6.69045296398252
393,6.86514254992639
394,6.94664389226677
395,6.32232049330774
396,5.45490738613462
397,4.9558050959375
398,4.78799222664711
399,5.37037514357391
400,5.04470048277922
401,4.09042984439537
402,3.97846146508456
403,8.5294147237524
404,9.05831548325448
405,8.13357236724029
406,8.59153256878378
407,5.52548420367548
408,6.13579104809689
409,5.6150289421425
410,5.56395095286335
411,5.58390076768149
412,3.90182992577962
413,3.7077337008781
414,4.19775972409351
415,2.76381176474381
416,7.39592990953751
417,8.63392917028497
418,6.15180315931163
419,4.54532565833945
420,3.57982923127124
421,3.19364503824318
422,2.82489283173925
423,2.79974670285139
424,3.24764894161112
425,8.46835246403195
426,8.03349078955848
427,3.86361287424684
428,3.47646001395785
429,2.70250437829936
430,3.23033679727033
431,3.74334718033427
432,3.08142369212414
433,7.4064294668717
434,8.20599171133104
435,3.76647468224948
436,2.33776561143325
437,2.89363597460844
438,3.4015528833593
439,1.72044624664572
440,8.41402736988083
441,8.24658935097699
442,2.05348647188005
443,1.7862134624057
444,1.16019095028176
445,7.37033415690471
446,1.7844252815441
447,1.11991669816596
448,7.7402012618841
449,1.70234123133752
450,1.10383603293231
451,8.23069164967254
452,6.59129186911569
453,1.10935336825034
454,6.05515120700231
455,1.13343422906794
456,6.82309265581299
457,1.47075977668833
458,7.26115866129166
459,2.26576909909671
460,6.28556518333773
461,2.65276679160268
462,7.22995874919428
463,4.36342446064612
464,7.27222409519776
465,3.36868722585287
466,6.82806800903367
467,3.97191588836154
468,5.74539663387994
469,4.36878191009909
470,7.21990173591999
471,4.54270356890623
472,7.20535935552842
473,4.47703798601565
474,7.11435427576359
475,4.77488669554358
476,7.16322140325317
477,5.36060694023127
478,6.98326207223925
479,5.30082919004758
480,7.61084192821701
481,5.11440519378794
482,6.70270486352442
483,5.2087932665452
484,6.60453279690486
485,4.64742351788814
486,6.90982766877771
487,5.00197741991965
488,6.62357560377005
489,4.90944018453348
490,6.24884264463423
491,4.85392080958039
492,6.26721091883139
493,5.90458361854778
494,5.52737610164586
495,5.40849863901349
496,5.66564907123195
497,5.66015254400495
498,7.63791730300067
499,8.91327116513776
500,7.48522748888223
501,7.58464608936847
502,8.88813748487956
503,7.36063412192895
504,6.95682811447291
505,6.66476147773981
506,5.01033234168163
507,5.00459741306491
508,5.56081167487736
509,5.35677453669778
510,4.46671995686367
511,4.318438653433
512,8.71863276216473
513,9.05664788573204
514,9.49444913615354
515,8.79518999108915
516,6.55041815290925
517,8.00176847439556
518,6.0597315385331
519,6.15183798419927
520,6.07929382694961
521,5.89691827269309
522,4.40054997906192
523,3.86263939880573
524,4.27842539337164
525,3.18589633025168
526,9.16848075202988
527,9.33106435176984
528,8.58076927534356
529,8.39873132127789
530,8.23237231551227
531,6.75871002056657
532,5.85707388563815
533,5.33093814741249
534,4.81072147794805
535,4.2984685435613
536,3.94591823213972
537,4.13141139037969
538,3.58735914185231
539,3.87331476503182
540,8.07695426831173
541,9.36446547906673
542,7.77281699534112
543,6.13774243241787
544,5.65418907537176
545,5.13560256862375
546,4.62470116406694
547,4.12342970318642
548,4.34777617833847
549,4.42274705809738
550,3.83686017144603
551,3.55363213579575
552,3.63612189760845
553,2.6187899407874
554,1.89697934201048
555,9.54192400799841
556,9.94762578425333
557,9.55578631085307
558,9.60739399522209
559,8.31487920131141
560,4.90090026317451
561,4.44702826103654
562,3.95819255425887
563,2.51652800570256
564,2.15027207120965
565,2.07446959304689
566,2.27475503896951
567,8.51171538262168
568,8.46178500123237
569,2.00172862198347
570,2.38798822019572
571,2.78140237097626
572,1.2555977957041
573,9.01293855051767
574,1.62638706150922
575,1.36148370781951
576,0.779646148489354
577,9.22681581333987
578,9.07291404523226
579,1.53567066523971
580,1.28692744649577
581,0.736057457836888
582,8.00708287433406
583,1.15769521760815
584,0.718480669337089
585,8.37030578144295
586,0.413348666750035
587,7.19360279973704
588,0.444561398816075
589,6.24689263495511
590,0.43394268072061
591,5.92453356438208
592,0.447187416729301
593,5.87087345614793
594,0.788458474474839
595,6.28810045140991
596,2.13048828423702
597,6.56415908992514
598,2.61797051618995
599,5.62287752098271
600,3.46143486718869
601,5.41292273833527
602,2.61925786517916
603,5.45241632769689
604,2.84760418802959
605,5.78864430979161
606,4.60264339518504
607,7.27275519824985
608,5.21387741847332
609,6.57305809285666
610,5.36605424011753
611,6.735429853878
612,4.90154378093393
613,7.14075009284719
614,4.86313472670485
615,5.92409671330871
616,5.43440006631061
617,7.12427659173805
618,5.57737015272348
619,7.06803339451243
620,5.01998303303204
621,6.98564798705887
622,5.37076133864173
623,7.91055579206358
624,5.63963490232062
625,6.70841310068379
626,5.2251433693287
627,6.55684147746725
628,5.19123964856855
629,6.7362997707532
630,4.32009946887767
631,6.38328860911732
632,4.77026331826545
633,6.17391028580692
634,5.22387222483184
635,6.11987224956911
636,5.44830334388744
637,5.42328966862138
638,5.24381803541251
639,5.21125434846828
640,7.0120293161043
641,7.49917312205315
642,6.93148387783003
643,6.83752548208422
644,7.71855413356099
645,6.22162948597025
646,6.27321418913462
647,5.60318044789537
648,5.35969175569413
649,5.51033556497898
650,5.17990679502809
651,4.56809546957331
652,6.12768395403058
653,7.48506546862752
654,5.50833141133086
655,4.92404721608688
656,4.34253099913063
657,4.37268630639093
658,4.04916517609829
659,3.73035688732138
660,3.40305481717627
661,3.64577204541059
662,2.66619784505095
663,2.24995650416811
664,9.48147966276963
665,9.93311127302031
666,10.0601765335365
667,9.37374695959937
668,9.46438762015108
669,8.8470476888594
670,8.89907242514903
671,8.31141079891714
672,5.28091276451031
673,4.75890767526845
674,2.98440755855584
675,2.50880198930531
676,2.67132928657839
677,2.63419318248107
678,9.75587889349232
679,10.2543324651516
680,8.01004602595775
681,2.30272754523789
682,2.47190132270365
683,2.36221283232397
684,2.15481323881726
685,1.74760150357334
686,1.92586731734441
687,0.900327541436918
688,0.867830355665777
689,9.99242117242642
690,10.3354839000765
691,1.7414538376579
692,1.25953256159181
693,0.7977284334932
694,0.930616325125714
695,1.175915617142
696,0.355416452739613
697,10.1946575649062
698,10.2126000235226
699,1.09792027056998
700,0.727187088522122
701,0.102959386820308
702,0.165962287216407
703,0.272754133179834
704,-0.527888734030459
705,9.77838783601452
706,0.638123683557573
707,0.815392925546631
708,-0.720889438674623
709,-1.06840123690939
710,8.94118980633415
711,1.32092420781769
712,1.56946096724293
713,0.0112718427079102
714,8.65003801465362
715,0.181268513780697
716,-0.470859313770912
717,9.25421463621332
718,0.119964942526627
719,-0.501352349144852
720,7.96210597844906
721,0.0847815013806535
722,-0.505275337703145
723,6.84675441391669
724,7.14933862592057
725,-0.309431980376691
726,-1.25040500941745
727,6.45578784924191
728,-0.661432142442647
729,6.27259125021163
730,-0.329995209049046
731,5.19829229907067
732,0.0109761107360222
733,6.15603429059628
734,1.39645220751803
735,6.70676826642514
736,1.84930613732095
737,6.70790287965349
738,2.82764784065628
739,5.65000374210748
740,3.82706900280136
741,4.76521087421491
742,4.1784205208674
743,4.76387325633994
744,4.07867449271278
745,4.77617090826369
746,3.51968653617545
747,4.80117521747247
748,4.56475210360608
749,6.593704009964
750,5.31532743668331
751,6.81837045996479
752,4.97718896039938
753,5.81246246808659
754,5.42383831287542
755,7.17908603045352
756,5.50843716624778
757,6.79443327946178
758,5.32746629901358
759,6.95178172872162
760,5.18033158040575
761,7.13131627930804
762,5.50899293408717
763,6.98649833501839
764,5.60660062608348
765,7.14043754802649
766,5.5771625729569
767,6.76984770760617
768,5.44841718055917
769,6.661876780008
770,4.71421437565491
771,6.48108755732863
772,4.7281277614695
773,6.94358558720454
774,4.82766119983992
775,6.60535588011487
776,6.11352989005889
777,4.77825490433054
778,5.47454094766902
779,4.74258580238957
780,5.15780020315841
781,5.0974426168108
782,5.10085976276686
783,4.9500525964814
784,9.53038186173112
785,9.57066253422149
786,9.73498544598581
787,9.77952498083911
788,8.47750030746039
789,9.86924021388829
790,8.33035861522709
791,8.27599803188872
792,9.31366970599431
793,7.99886584118976
794,7.52256397964256
795,6.93899309466809
796,5.92417407164551
797,5.76196051400405
798,5.5995108636795
799,5.81888563834857
800,5.50165828278778
801,5.36579898213709
802,4.85242449330962
803,10.1992713612751
804,11.2566535727587
805,10.4075196225189
806,9.95019774272011
807,8.70198368727462
808,7.5855502384504
809,6.98652259971655
810,4.01790005642038
811,3.51869702895294
812,3.90525597191003
813,2.8853057533369
814,3.27087332953455
815,2.86182479085365
816,3.53577889711533
817,3.57501480174968
818,9.2338516405047
819,10.324375278973
820,9.0691177490544
821,8.95321851179125
822,7.84700898685282
823,1.90968980375979
824,2.09141169848198
825,2.31102227519776
826,10.3158838751718
827,10.9801651565379
828,1.22680120921761
829,0.959054211783452
830,1.02914145566045
831,1.73409323213921
832,1.66051067637715
833,11.0671315394463
834,11.6583196331872
835,10.0616142892744
836,11.0045640328906
837,0.138009391183127
838,0.316615743612968
839,1.04136747525269
840,10.1399040685508
841,9.86602850139642
842,-0.379690808228496
843,-0.207763216754563
844,-0.50903577166292
845,10.4261551146786
846,-1.4247244493743
847,-0.895737386709101
848,9.59983052190612
849,-0.930117482356933
850,-1.37843779427408
851,9.3227787093477
852,-1.52968437263392
853,-2.37478512388322
854,9.37766467709973
855,-0.917631931791822
856,-1.87849190498057
857,-2.57550790325055
858,8.589684753389
859,-1.14582680433235
860,-2.01999981219913
861,7.1619540843588
862,-1.18597941534366
863,-2.16902529391507
864,7.15524762710602
865,-1.50854356917124
866,-2.5797678135629
867,6.93295366936953
868,-2.18935666445548
869,6.87112477842483
870,-1.36048639201787
871,6.69251718027634
872,-0.77315129718555
873,7.12191843052195
874,0.151923276573166
875,7.17519828094265
876,0.731406145314108
877,5.97073900858699
878,2.33031726854686
879,5.85778829958736
880,2.1486893459347
881,4.92484558999442
882,3.76541800527821
883,4.89291524290761
884,4.14333733245717
885,4.8775917159749
886,4.11866225257329
887,4.87844739786326
888,4.72044693220917
889,4.89457421052412
890,5.39021924164572
891,6.59408404099797
892,5.24291328787948
893,7.05092924749358
894,5.37943001815782
895,5.26090828483406
896,5.59878776114802
897,6.84068536264419
898,5.1546479131861
899,7.10636021916336
900,5.23914934103849
901,6.57989336906166
902,5.60112153887201
903,7.08349110242376
904,5.76664026543238
905,7.07103041335578
906,5.3334005855905
907,6.94616067563827
908,5.51527106154645
909,6.88363663376598
910,5.62748454580186
911,6.72062680157323
912,5.05844924261946
913,7.24803704049939
914,5.13249597514938
915,6.65882079089388
916,5.03871879545268
917,6.13062093835023
918,4.41009246339244
919,5.65631933468315
920,4.5815488847621
921,5.37338016668746
922,4.87670475658486
923,4.87740893563423
924,4.65285447298085
925,4.69078119791336
926,9.74441839907129
927,10.4405841942895
928,9.56036295785781
929,9.22225774282833
930,10.1925523956299
931,8.81071947052796
932,7.46478719951502
933,7.48855297739857
934,8.01613354338647
935,6.99218755123566
936,7.15103288506154
937,6.26313543254058
938,6.8295737757657
939,6.10394485038246
940,6.05657681099456
941,5.34134492681203
942,10.773914712858
943,5.76253687827258
944,4.85610619745054
945,5.43038700197493
946,4.386122381706
947,10.996565960728
948,12.0140362842559
949,11.5906544121082
950,2.81028886182123
951,3.1296836494763
952,3.65000465455415
953,11.3368856094077
954,10.4955943136916
955,2.36366693300903
956,10.4010379580897
957,10.9746802978253
958,2.30940828735701
959,1.692793763652
960,10.4549388285638
961,0.964411239815491
962,10.4001106153231
963,0.230496363378681
964,9.77389476408618
965,-0.53749990762663
966,8.40016445193715
967,-0.88309933530506
968,9.85474175118444
969,-1.24244921531764
970,9.21907398398723
971,-3.10808048021763
972,-2.673576024254
973,7.73577388576685
974,-3.10221613801671
975,7.56058328021598
976,-2.73841104368944
977,-2.31976091958379
978,6.30613454865325
979,-2.72488690651933
980,7.99911648567667
981,-1.81842763300495
982,8.0866610415158
983,-2.79306943140043
984,6.86061368494324
985,-1.65511855844455
986,6.66253193394883
987,0.252631254554409
988,6.27662109951565
989,1.388299947372
990,6.19236906538516
991,1.16279161704543
992,5.15464396178267
993,2.1407244671993
994,5.07190236454295
995,1.96739622510821
996,5.00776081105168
997,3.10510745214112
998,4.96286748199259
999,4.08667339606335
1000,4.93735787533769
1001,4.35923611299648
1002,4.93079493692502
1003,4.80148919208143
1004,4.94213671621723
1005,5.03791240842056
1006,5.64477144722006
1007,5.25973942078114
1008,7.06261233878902
1009,5.409490827309
1010,6.78502254175644
1011,5.67769158222869
1012,5.93153636826435
1013,5.30265965471949
1014,5.92024044518339
1015,5.63627806861336
1016,7.14786535878782
1017,5.87035440258341
1018,7.14644790646272
1019,5.51167055492148
1020,7.0720631633279
1021,5.68678128455598
1022,7.11238367704176
1023,5.79052498224226
1024,6.91518104138687
1025,5.28068050610779
1026,7.52296845271603
1027,5.53324236287357
1028,6.72587044569911
1029,5.3785635388099
1030,6.33689205041679
1031,4.8614756576375
1032,6.56728187210645
1033,4.57137883423999
1034,6.14527623210475
1035,5.59829862733106
1036,4.49559614285532
1037,5.09576946087513
1038,4.67989235997896
1039,4.59369483168385
1040,4.43759166170377
1041,4.42582472845543
1042,10.2796624506934
1043,10.9338945973082
1044,10.0371926021636
1045,10.4503754325616
1046,8.93049735380009
1047,7.51383988491766
1048,8.13924951859187
1049,8.03147113038225
1050,7.32411345652626
1051,8.18778136340629
1052,7.08264251424802
1053,10.816164907082
1054,8.37622137125675
1055,5.99637347188688
1056,5.39321148911793
1057,6.32258935783717
1058,6.3815502583569
1059,10.7548088493156
1060,11.4440985498202
1061,4.3336227170831
1062,11.7249800376445
1063,2.78177181925972
1064,3.69641448333804
1065,4.56792515346035
1066,10.8071797954988
1067,3.90255294327718
1068,10.8141896480198
1069,2.71842316063985
1070,10.7560701484622
1071,1.53709600573918
1072,2.14559508399924
1073,10.7120993784062
1074,1.09979743197101
1075,10.0629035099396
1076,-0.506184194659032
1077,8.75689956040728
1078,-0.26204300805608
1079,7.56255563449986
1080,-1.09507640955163
1081,9.49393872098959
1082,-1.03115021942224
1083,9.08978957738585
1084,-1.03694750732436
1085,6.87431845846919
1086,-1.94209591018244
1087,6.6772672294915
1088,-1.16281107338393
1089,8.34707446785947
1090,-1.46609403435719
1091,8.37613518864689
1092,-0.586900906976332
1093,7.0098665789675
1094,-0.86611968442253
1095,5.77826941725374
1096,-0.929983444361441
1097,5.612891947938
1098,0.123111535419181
1099,5.46112356231376
1100,0.57302378919787
1101,5.32544196656587
1102,2.22832782042725
1103,5.20804902679918
1104,2.69101916624838
1105,5.10938654485564
1106,3.01742418480055
1107,5.99410504376483
1108,3.64810348236348
1109,5.94378949122386
1110,4.00899709523015
1111,5.88062203487925
1112,4.29225678974374
1113,5.83972952715668
1114,4.68201741147538
1115,5.81975749184704
1116,4.91410069469001
1117,5.93283450364674
1118,5.20261794576994
1119,5.66259177384094
1120,5.2730717501054
1121,7.0039177737185
1122,5.75315921200468
1123,6.7317773740632
1124,5.80149617071193
1125,6.17460719864962
1126,5.87962584732737
1127,6.93446668248443
1128,5.63137540753098
1129,7.15609342870148
1130,5.80486758108095
1131,7.06063001822626
1132,5.97560854559886
1133,7.11691250955668
1134,5.61523490913625
1135,7.06551320715103
1136,5.44970988353581
1137,7.14166193745233
1138,5.65417504507638
1139,6.60804692887465
1140,5.63725891885808
1141,7.02794681947029
1142,5.03005421107425
1143,6.78933966400396
1144,4.72040174439116
1145,6.11861237696507
1146,4.36915605436899
1147,5.41328594321764
1148,5.05468866920309
1149,4.52216142614307
1150,4.55736158135245
1151,4.21607644862544
1152,4.04908536909909
1153,4.09343435468559
1154,10.9248442419297
1155,10.1811142153231
1156,10.8590616588671
1157,9.18244341758739
1158,10.0540689986472
1159,8.23648064403923
1160,9.15106167167224
1161,8.25977853977701
1162,8.21186121607077
1163,7.2000090544417
1164,10.558243001217
1165,6.85074248256087
1166,6.48655083774354
1167,11.7128346685624
1168,5.23950178119408
1169,10.7672918505951
1170,3.14809772498104
1171,4.07663647511633
1172,5.22425474464108
1173,10.9711501684152
1174,5.29834224750793
1175,11.403045063558
1176,4.71446162122916
1177,10.4970366364269
1178,2.9602721406618
1179,10.888617230878
1180,2.46872944495481
1181,3.21179229682638
1182,10.3360051295934
1183,1.86206418189503
1184,9.06423870136419
1185,-0.186148404983433
1186,7.8973049655576
1187,0.257438163081361
1188,9.53714364474114
1189,-0.809049737716388
1190,9.58434414441748
1191,-0.472380714008807
1192,8.2617045522931
1193,-1.17977028870159
1194,7.01353385194629
1195,-1.70853344916427
1196,8.60531772643343
1197,-1.99893950246593
1198,8.66338139811956
1199,-1.20271259068096
1200,7.29965085348771
1201,-1.433280957041
1202,6.03987691889986
1203,0.131269155376705
1204,5.84208550317489
1205,0.66339349012268
1206,5.65648023774707
1207,1.14228510343893
1208,5.48637964612719
1209,0.290403536290694
1210,5.3347710272762
1211,1.4094331901797
1212,5.21328190592796
1213,2.45450770130599
1214,6.72304495295054
1215,2.99448951058309
1216,6.75847150926264
1217,3.61808487157751
1218,5.70365910235112
1219,3.77460184730645
1220,5.64125597241193
1221,4.13068903415616
1222,5.60351614852301
1223,4.59909102237896
1224,5.58858783527658
1225,4.72263478637316
1226,6.83937005640154
1227,5.568758654229
1228,6.55886728681012
1229,5.39165971188415
1230,6.38519992421122
1231,4.50896894819913
1232,5.78346961609408
1233,5.84095093070331
1234,7.03580817666421
1235,6.08898511661236
1236,7.12002053911744
1237,6.1133338473109
1238,7.05599165215506
1239,6.0813778954517
1240,7.10290742008769
1241,5.88750139346977
1242,6.99463764266001
1243,5.76577056553612
1244,7.64476967842566
1245,5.61820783458223
1246,6.91444164750513
1247,5.77327588335822
1248,6.90380424818
1249,5.74392264149675
1250,7.18095577515501
1251,5.18480187218635
1252,6.67187064887338
1253,4.86362657698319
1254,6.09526514330644
1255,4.4971091729747
1256,5.4889595652652
1257,4.65713818752347
1258,4.47834415663986
1259,4.27499250413911
1260,4.02193203658198
1261,3.65631257885183
1262,4.15414053316667
1263,11.0684226554815
1264,10.9245873466883
1265,10.7870577463422
1266,9.78077199299199
1267,9.00083701831187
1268,8.24819462981231
1269,10.4400463750674
1270,7.53646946148176
1271,7.38056581590562
1272,6.45790356857097
1273,11.792820736925
1274,5.93046040723338
1275,4.6287561190687
1276,10.8664655372394
1277,4.49906671636895
1278,5.65498619334809
1279,10.9598781306917
1280,5.76880745558024
1281,10.5401721402308
1282,2.53573112332837
1283,11.1964099125519
1284,1.08756506497126
1285,10.6065905783891
1286,0.465903061678063
1287,10.488885141824
1288,2.52532097468857
1289,3.06350950959259
1290,10.1645952455482
1291,1.59378656165412
1292,8.16398245952035
1293,-0.247764942848664
1294,9.72045334304365
1295,-1.29092181565573
1296,9.83547447043538
1297,-1.53900653497015
1298,8.55037106921625
1299,-1.40970382926358
1300,7.31358090779068
1301,-1.31721773005403
1302,7.11158661227423
1303,-1.34218930116734
1304,8.97084063387672
1305,-2.29983244296991
1306,8.67417199960607
1307,-1.4387403888591
1308,6.28471722339861
1309,-1.74834081375099
1310,6.05754708704495
1311,-0.712035216664314
1312,5.84056998458647
1313,0.417224487822188
1314,5.63793264617213
1315,0.889314945862418
1316,5.45339445848115
1317,1.47116297878639
1318,5.2901901470496
1319,2.30369098674906
1320,6.83895472857272
1321,2.54641421302212
1322,6.82840316231761
1323,3.03649316368723
1324,5.63275483487064
1325,3.35161930967458
1326,4.61726910771245
1327,3.90774190484795
1328,4.57415602717779
1329,4.25609755695502
1330,4.55766954139618
1331,4.69676956947812
1332,4.56597429621303
1333,4.74074062018999
1334,5.29512589305751
1335,5.02159835267865
1336,5.53417419047828
1337,5.89705807779985
1338,6.82243937113313
1339,4.47441169565385
1340,6.59684028623007
1341,4.50931347425152
1342,5.78537728568406
1343,6.12705049792523
1344,7.00732760423773
1345,5.82282248935245
1346,7.03068698677547
1347,5.90956400868375
1348,7.03314887271567
1349,6.01326728187386
1350,7.76155704557457
1351,5.91584833288881
1352,7.22719283771772
1353,5.77233786957859
1354,6.76197154631367
1355,5.88772249937511
1356,7.23493471799321
1357,5.84539914964078
1358,7.0623610569164
1359,5.32714470427904
1360,6.55160744514695
1361,4.99630865854597
1362,5.97203718831492
1363,4.65101376922027
1364,5.34350787849841
1365,4.39794738774969
1366,4.77306328213561
1367,4.35959167350585
1368,3.68662939944424
1369,4.37259115889131
1370,3.59695041833595
1371,9.41540467072956
1372,10.2733071773988
1373,9.41825292577386
1374,8.09806745017986
1375,11.6488598164633
1376,10.4022084202382
1377,11.4826316726232
1378,7.89914848987056
1379,6.96066075057589
1380,11.0853297731642
1381,6.43599538960318
1382,5.50430352497157
1383,10.8878201061347
1384,4.95303362560672
1385,6.0690175181807
1386,11.0158205745311
1387,4.41449087892054
1388,10.617664467702
1389,2.93509653844083
1390,9.80565462152418
1391,0.402071681055347
1392,-0.337970349284122
1393,1.4500733769993
1394,1.02615527408194
1395,10.5467801202221
1396,-0.998701783718711
1397,0.620598705435523
1398,11.2880089841312
1399,1.87232075456196
1400,11.5005260552209
1401,2.89938144005771
1402,9.32877811721727
1403,2.36938513121224
1404,8.23539627378885
1405,0.816091325659857
1406,10.0354089644551
1407,-1.16490620185227
1408,9.81424112202374
1409,-1.47816911918371
1410,7.57694845930492
1411,-2.41239083770058
1412,7.3773327076749
1413,-3.69829022773473
1414,8.87504098416456
1415,-3.33589275931859
1416,8.82506941047047
1417,-2.00651149368432
1418,7.51716000263105
1419,-2.297565584282
1420,6.25830766148052
1421,-0.801217280694313
1422,6.01321658837414
1423,-0.367951451788997
1424,5.78069998140291
1425,0.147277481873742
1426,5.56527222965751
1427,0.703540445285256
1428,5.3708604132457
1429,1.57669903224964
1430,5.22755493917621
1431,2.34538022078637
1432,7.08122137271972
1433,2.3172632804321
1434,6.79174623346734
1435,2.81965936609943
1436,4.58506612241961
1437,3.16553965297513
1438,4.5146903292894
1439,3.69806511447994
1440,4.4736932101951
1441,4.23664856820681
1442,4.4606488024727
1443,4.54178116667764
1444,4.47340400270781
1445,5.13241397497293
1446,4.50916267984629
1447,5.21014804324301
1448,4.56457889761169
1449,5.29145069058512
1450,5.32405856136678
1451,5.43334837236429
1452,6.76170384621387
1453,5.08648327944319
1454,6.3714582870831
1455,5.96208987169525
1456,6.66276419068076
1457,5.96200995174311
1458,6.8935039496657
1459,5.5488824233006
1460,6.91545411887392
1461,5.60835323824254
1462,7.97251980853489
1463,6.04844525149232
1464,7.58034783391602
1465,5.9087922434339
1466,7.51884207036497
1467,5.73513934005109
1468,7.46302369881255
1469,5.65309891039355
1470,6.93855763072013
1471,5.45268598198098
1472,6.42946767667743
1473,5.11389499300716
1474,6.00002575792533
1475,4.8300100012644
1476,5.86396505379837
1477,5.12256330639507
1478,4.44972529103515
1479,4.11793640706061
1480,3.27695503927791
1481,4.43817009295742
1482,3.67867028789072
1483,10.0935760600098
1484,11.1501963039947
1485,9.58141296399127
1486,8.75533473554543
1487,8.39617479435606
1488,7.45583401114034
1489,11.2678613047579
1490,11.7415444345426
1491,6.94327506091327
1492,6.61886429087091
1493,10.8320899717272
1494,5.45246027311412
1495,6.45751311008002
1496,11.0007528766718
1497,4.05388322760454
1498,11.1053385727236
1499,3.18092345850618
1500,4.07275782883732
1501,10.6945526758507
1502,3.42885800536139
1503,10.4116735533547
1504,3.52262673259591
1505,10.5376902056501
1506,2.91893383825552
1507,9.68985136658201
1508,2.79426864536918
1509,11.0837085925023
1510,2.71616449422103
1511,9.67630146796878
1512,1.61868156412952
1513,9.90532852030771
1514,0.886137072167194
1515,9.93201150764565
1516,-0.310618592812839
1517,8.74947764204636
1518,-1.26822864571235
1519,7.60836386390986
1520,-2.59133869514802
1521,9.05050031741695
1522,-4.12165463269364
1523,8.98421651638823
1524,-3.55210241105452
1525,7.70522368961797
1526,-2.2541573272551
1527,6.44403414662024
1528,-2.62639907589202
1529,6.17475018010884
1530,-1.68929961218057
1531,5.91566025744674
1532,-0.658594195732142
1533,5.67201419419022
1534,0.146886183608672
1535,5.44841798938524
1536,0.511716696268958
1537,5.28545583040129
1538,1.0045019753624
1539,6.89421329628625
1540,1.75861734225573
1541,6.82798462724327
1542,2.11491655384925
1543,5.55297338440322
1544,2.63474462318026
1545,4.45513361850471
1546,2.99283183324755
1547,4.387644519522
1548,3.46050893383575
1549,4.35052485914272
1550,3.80372571773462
1551,4.34201494795947
1552,4.11569831838372
1553,4.35969122523635
1554,4.95356339030868
1555,4.40056137052168
1556,5.38771045859739
1557,4.46116021439507
1558,5.483160362145
1559,4.53763993289667
1560,5.18211169128085
1561,6.17063969937348
1562,5.03898998526322
1563,6.41438178570145
1564,5.24128631749421
1565,6.53947138337815
1566,6.05518486219765
1567,6.77087480242672
1568,6.05113547769914
1569,6.8177737033556
1570,5.89378637840895
1571,7.81025393003513
1572,6.04438360503885
1573,7.5711608483453
1574,6.02462967280862
1575,7.17833159797761
1576,5.83480740526651
1577,6.84583162198669
1578,5.66053974510294
1579,6.81034918167469
1580,5.52488379332905
1581,6.51610741976201
1582,5.21223909663563
1583,6.52520971379441
1584,5.8025755573373
1585,4.81279722799114
1586,4.57395195411192
1587,4.66259498265187
1588,3.82634487051913
1589,4.57226266900418
1590,3.15277160937044
1591,3.84447837378841
1592,9.98660074180316
1593,10.4205459958947
1594,9.85449295838661
1595,9.13271466773405
1596,7.93504452912808
1597,11.6807132726773
1598,7.44386638331982
1599,7.84566081716209
1600,12.2246544949434
1601,10.7042314278253
1602,6.72843791968592
1603,10.9173056514342
1604,6.31647758569011
1605,5.53710262895369
1606,11.064166241502
1607,3.72053387107943
1608,4.46818213347283
1609,11.1656239194043
1610,5.43782138681339
1611,10.6798060365051
1612,4.85915831575348
1613,9.4479115926927
1614,3.80980032618083
1615,9.55127745958711
1616,2.85668862978959
1617,10.1803922643401
1618,2.25591311710147
1619,10.296986799827
1620,1.69639418988699
1621,9.23335925617422
1622,0.58411889324792
1623,10.16828521247
1624,0.329328775222452
1625,9.95261195051054
1626,0.632577938633715
1627,7.75658202853121
1628,0.411757771443478
1629,9.27702219115647
1630,-0.74618104863981
1631,9.10888742436583
1632,-2.14253891688441
1633,7.86739215205239
1634,-2.20282878926789
1635,6.61518541300092
1636,-1.99812897022096
1637,6.3261704878363
1638,-1.66679424413838
1639,6.10027162109193
1640,-1.32751267557054
1641,6.64910531676304
1642,-0.85972737840572
1643,5.52540102334294
1644,0.417146714175799
1645,-0.014182472799074
1646,5.3442109159455
1647,0.24764753989618
1648,6.96768488848886
1649,0.7728005417143
1650,6.88122783130212
1651,1.53475042338242
1652,5.55909802656789
1653,1.89926108892611
1654,4.40073807931928
1655,2.09418728501899
1656,4.305412542678
1657,2.57996478446949
1658,4.24213650133393
1659,3.25436576050725
1660,4.20954542592811
1661,3.5625146016786
1662,4.20559210591919
1663,3.6117835222212
1664,4.2276485255243
1665,4.53778832062353
1666,4.27260898061975
1667,4.60668527112091
1668,4.33698588820407
1669,5.51054253169951
1670,4.41699019816438
1671,5.64797021516261
1672,6.00045784842087
1673,5.75772666992513
1674,6.2437187963093
1675,5.48768958047173
1676,6.39537045316722
1677,5.8950068149921
1678,6.72475284221648
1679,6.13560541490849
1680,6.69776074044686
1681,5.99953451055816
1682,7.6358780344734
1683,5.95610271203867
1684,6.83233059552872
1685,6.11733438723957
1686,6.52529592875411
1687,5.9283019274811
1688,6.89335759858958
1689,5.95652638072607
1690,6.67831600582027
1691,5.815114911142
1692,6.32421211109656
1693,6.27341452912018
1694,5.28777002218022
1695,5.12921634100831
1696,4.8813366278023
1697,4.46344779255453
1698,4.81844169566542
1699,3.72258450485263
1700,4.83448821801634
1701,3.23365751250174
1702,3.85419622413037
1703,10.6838265195007
1704,10.8361566648676
1705,10.4121917651267
1706,9.61314573692882
1707,8.35334422524214
1708,7.93024200097331
1709,8.13746164164698
1710,11.7141505296444
1711,8.09073376625196
1712,11.5388580505429
1713,5.65915493878678
1714,10.4325989702058
1715,6.32954082681415
1716,6.08625281479109
1717,11.124025397156
1718,4.76678215350303
1719,10.6620904680573
1720,4.33989735670527
1721,4.67035812034483
1722,9.6100432759689
1723,4.04340772380361
1724,8.66656215165242
1725,3.09639291747641
1726,8.64651615689927
1727,2.68211165387991
1728,10.3207258285405
1729,2.53551397457172
1730,10.2573043094443
1731,1.93826388669253
1732,8.29919222602588
1733,1.38929293645812
1734,10.0528001964951
1735,1.14161868178523
1736,9.8332448675841
1737,0.640696920620609
1738,7.66546847430263
1739,0.156571866352775
1740,9.54647398857668
1741,-1.05389254590901
1742,9.20502751415031
1743,-2.24312601908721
1744,6.7729925106926
1745,-3.75516131031273
1746,6.46914955968387
1747,-3.51204460380016
1748,6.1688447631273
1749,-1.84072584276511
1750,7.86714599475782
1751,-1.34363306427427
1752,8.68430945791408
1753,-0.85279599857642
1754,6.40454526741114
1755,-0.210259279064626
1756,6.84429404343057
1757,0.349658116272942
1758,6.92098689224846
1759,0.709910380732133
1760,5.56713831425594
1761,1.2949900713988
1762,4.35654414290679
1763,1.66900124142593
1764,4.23259212557468
1765,1.65983454069753
1766,4.1416662756529
1767,1.8843256218683
1768,4.08279990298166
1769,3.23383331127328
1770,4.07089209977703
1771,3.78737674352049
1772,5.17485491681254
1773,3.22720513167891
1774,5.04702125883187
1775,3.57931963252402
1776,4.12616231427966
1777,4.14747523581724
1778,4.1921924527553
1779,4.44548091487156
1780,4.27340724912
1781,5.6769020089988
1782,5.81196079933648
1783,5.79868095817676
1784,6.05196353570206
1785,5.93052442586464
1786,5.49799502117769
1787,6.18682184087115
1788,6.56070517613989
1789,6.20004194439285
1790,7.26766848173278
1791,6.02631976790981
1792,6.84248920717425
1793,5.60994876852438
1794,6.56417004593449
1795,6.07395794133389
1796,7.04955830326219
1797,5.99603925935548
1798,6.95498050542898
1799,5.74013888956788
1800,6.54277415724615
1801,5.55462870404887
1802,6.21572269216371
1803,5.75572866448309
1804,5.33759802508009
1805,5.01749200622772
1806,4.92594839940514
1807,4.36116723624567
1808,4.57327583500951
1809,3.62921550280132
1810,4.24984771861252
1811,3.17139130999182
1812,3.88193821652815
1813,9.56312479742783
1814,10.159550277185
1815,9.63877618939331
1816,8.76277336211211
1817,7.45412848059214
1818,10.6723217892046
1819,6.71079131815813
1820,11.1548372988084
1821,6.74054858243104
1822,11.9083596118635
1823,5.46940855852673
1824,6.35914995691189
1825,10.2451166334779
1826,6.55700461645498
1827,9.79712269511458
1828,5.33222352648142
1829,11.2862983301566
1830,4.99878966370365
1831,8.5757862357275
1832,4.368695592753
1833,8.56907933846334
1834,3.71946120880723
1835,10.0824676335245
1836,3.33808136587069
1837,10.1847866447101
1838,2.64947178321101
1839,9.19367153558561
1840,1.85363112339492
1841,8.20417391091105
1842,1.28696802437578
1843,9.89863790667506
1844,0.78263691765713
1845,9.671785369651
1846,-0.361769956939281
1847,7.53528934031162
1848,-0.562426559309094
1849,9.37636736397447
1850,-0.0952267321183533
1851,9.02584589115363
1852,-1.50720823299224
1853,6.60586217540268
1854,-2.97509947515278
1855,6.29171118435407
1856,-4.36751397111574
1857,6.05431304513099
1858,-2.17954066351033
1859,-2.70830867582605
1860,7.89456972963231
1861,-1.85132671838847
1862,7.78573932307989
1863,7.14933862592057
1864,-1.37741790554264
1865,5.76086894699801
1866,-0.847979163939096
1867,5.3409201071139
1868,0.160025965700026
1869,5.57935004128251
1870,0.509718582414431
1871,4.32742436564129
1872,1.04045786919485
1873,4.17451475690242
1874,1.42526669333652
1875,4.05493829758192
1876,1.98265337999387
1877,3.9681380857766
1878,1.57771434007452
1879,3.93620068517774
1880,2.37250370824938
1881,5.91444464489769
1882,3.60544923181178
1883,5.97574590685858
1884,3.85911863067507
1885,5.59667668458745
1886,3.15374945487215
1887,5.38317426384333
1888,3.96577251812257
1889,4.02613283768946
1890,4.07060760559242
1891,4.1057746574412
1892,5.28091202788021
1893,5.60469670625736
1894,5.82371793192489
1895,6.11027556407579
1896,5.89552378133629
1897,4.81100481745688
1898,6.15229537566978
1899,6.17882296560722
1900,6.24283300007995
1901,6.73279272785185
1902,6.07354323586521
1903,6.48995913525261
1904,5.8328932132456
1905,7.08384261901693
1906,6.21303854280941
1907,7.12049487082009
1908,6.03623826525055
1909,6.80023386554863
1910,5.78790809156992
1911,6.40374288181852
1912,5.55061218565542
1913,6.13081902752053
1914,5.23344580668794
1915,5.33114509257448
1916,4.78712623142169
1917,4.94434021647819
1918,4.26692515891055
1919,4.47397538309178
1920,3.75143116599466
1921,4.31114464665217
1922,3.6349761393602
1923,3.29732070194202
1924,3.2539773706927
1925,10.1124495025651
1926,10.2918158388307
1927,10.6465436063204
1928,9.15880821117976
1929,7.76059928772041
1930,5.66187865240659
1931,11.2157472464124
1932,11.2662712747904
1933,5.60807577091857
1934,9.68877472387264
1935,5.84999752034729
1936,10.8636660763728
1937,6.48090285697162
1938,6.83325993066877
1939,10.1087016228951
1940,6.32436238617704
1941,8.3009786847616
1942,5.77960127580449
1943,10.9463451150659
1944,4.9529671421795
1945,9.74215479122636
1946,4.34620092661464
1947,8.46319890914707
1948,3.68046884718675
1949,9.83659056425863
1950,3.01150303463444
1951,11.2488680394725
1952,1.97687662435884
1953,8.25663430898737
1954,1.56857493838094
1955,8.08252243987037
1956,1.50326411716743
1957,9.71387362355165
1958,0.951516093190896
1959,9.4782751812821
1960,0.467448730261794
1961,7.37572575461722
1962,0.14247314023038
1963,9.17696282120157
1964,0.211101786926509
1965,8.81996974483054
1966,-0.569770918506362
1967,6.41563254248836
1968,-2.13924617625153
1969,6.09484173196274
1970,-4.148029889091
1971,7.77303885437129
1972,-1.54357714748013
1973,-1.8557053886048
1974,7.42831283751562
1975,-2.21812937111518
1976,6.08528935709086
1977,-1.66977457742249
1978,4.77676165312298
1979,-1.16515075304928
1980,4.53212744504268
1981,-0.119665012832078
1982,4.31806462738189
1983,0.235897212305612
1984,4.13625328729172
1985,0.772414897919997
1986,3.98743439486449
1987,1.16924908892825
1988,3.87148272996526
1989,1.7364626674679
1990,3.81784055547627
1991,2.15780963398648
1992,5.86391621789925
1993,2.28299821410439
1994,5.87431916443486
1995,2.9410844469936
1996,4.47743272788275
1997,3.47128482210329
1998,4.03694482788
1999,3.57891384133726
2000,5.45788759181926
2001,4.2089639847252
2002,5.2666925863799
2003,4.13570063685526
2004,3.91244342080747
2005,4.48990436128872
2006,4.65309163433138
2007,5.8309215781307
2008,5.96970874697434
2009,5.65205548553797
2010,5.85357478729206
2011,5.57599755984569
2012,5.25645414803823
2013,6.262315603046
2014,6.29587656687198
2015,6.23302584209618
2016,6.9795260360144
2017,5.92153430321496
2018,6.82877429254409
2019,6.06809601463796
2020,6.55370789430861
2021,6.04752908852437
2022,6.72813462559758
2023,5.79795542324066
2024,6.26092282104195
2025,5.51214545240539
2026,5.7056244917708
2027,5.30987182514543
2028,5.08985909018542
2029,4.98761554391195
2030,4.69397256654643
2031,4.18019408810742
2032,4.25074966977459
2033,3.78468822130893
2034,3.60132540540569
2035,4.51689856883313
2036,2.63117051260044
2037,3.71658883405478
2038,10.2471079135195
2039,10.6463224167103
2040,10.8690020481007
2041,10.5719050754888
2042,9.56236223344497
2043,8.10430665954041
2044,6.70385728867038
2045,5.63651894027532
2046,10.9147675071641
2047,4.87725086010917
2048,9.45418830062188
2049,5.76232248141326
2050,9.73924274406991
2051,6.58922982874814
2052,6.22170533980131
2053,9.97233551930806
2054,6.07363599808108
2055,9.84642710945862
2056,5.33173383232223
2057,10.1977773488111
2058,4.60408553606437
2059,9.24515951497103
2060,4.18553292448213
2061,8.35156133183796
2062,4.00122186905745
2063,8.34535757694502
2064,3.31589169041207
2065,10.6930715724547
2066,2.63680987769137
2067,9.44495838683227
2068,2.11149478675714
2069,7.9409932370544
2070,1.81342551912755
2071,9.26612488311106
2072,0.889453988898681
2073,10.6594902560976
2074,0.347448425074887
2075,7.19708955754942
2076,-0.0747616549936359
2077,8.95799336445431
2078,-0.41683388443977
2079,8.597743068014
2080,-1.55983959444261
2081,6.21368934316292
2082,-2.86652731015258
2083,5.88936525674426
2084,-3.47425527497898
2085,8.02920647071613
2086,-1.97256326312676
2087,-2.12342448774094
2088,-3.45930023297066
2089,7.59384580483052
2090,-2.51102424454296
2091,4.84361985416112
2092,-1.34630099813593
2093,-2.11050033485366
2094,4.57393175268617
2095,-1.4044408370853
2096,4.33284294320534
2097,-0.853348019400908
2098,4.12253952753333
2099,-0.313609338562684
2100,3.94424871711447
2101,0.496405354651094
2102,3.79830474078235
2103,0.804570106519807
2104,3.72157803558186
2105,0.560812263734416
2106,5.81341717680153
2107,1.91786965139385
2108,5.80765041894856
2109,1.94579752460016
2110,4.33970450587241
2111,2.69210006420239
2112,3.09923149095727
2113,3.19148557239809
2114,3.10317110819486
2115,4.42115001164836
2116,3.86637389155544
2117,4.89819927249813
2118,5.32601197888883
2119,4.59795577522878
2120,5.26569319651454
2121,3.38353639170181
2122,4.77531806956299
2123,4.38911650317999
2124,4.52885037016457
2125,5.9307236703692
2126,5.86432144968037
2127,5.44407987440906
2128,5.73834707028317
2129,5.91923141428285
2130,5.86245490494688
2131,6.22892029870475
2132,6.31194066465329
2133,6.01316696897573
2134,6.18103177929778
2135,5.84488760786694
2136,6.69435777084066
2137,5.62903060250718
2138,6.98937318485008
2139,6.6285051486226
2140,5.77802484513681
2141,6.13606961706384
2142,5.46723085960042
2143,5.68240564106144
2144,4.86714681262937
2145,5.41098654828674
2146,4.50179867938674
2147,4.35528960137045
2148,4.02002534560503
2149,4.49592903560184
2150,3.74480957100193
2151,3.1623154844915
2152,4.6336728667204
2153,2.63182676598433
2154,3.77791238012239
2155,9.90749488442429
2156,10.6980034256969
2157,11.4727757907993
2158,10.4804845197408
2159,9.45365520914153
2160,8.41583801098031
2161,7.684492916886
2162,4.91213005867273
2163,10.7645819570233
2164,4.27783280906451
2165,9.30545262200516
2166,4.94702712706972
2167,9.58441143092089
2168,5.92834103127355
2169,9.840805296996
2170,5.75950037411599
2171,5.98723824143042
2172,9.98218923612122
2173,4.36116761301001
2174,10.1501362156923
2175,4.04166260490288
2176,8.24117019355821
2177,4.46631975234792
2178,8.23712888877802
2179,3.94437682608514
2180,9.5703667964562
2181,3.11425339464483
2182,9.55322527759689
2183,2.56063687151524
2184,8.69413805128589
2185,1.89429783041619
2186,7.78686040954036
2187,1.26841333076939
2188,7.54564044170712
2189,0.177463406374592
2190,10.4156501421219
2191,-0.150222778966713
2192,8.50354493529226
2193,0.0177497811914766
2194,8.72822532702507
2195,-0.37703655391765
2196,8.36796949831233
2197,-0.690029387290674
2198,6.0097722028591
2199,-1.33702763399957
2200,5.76470622273503
2201,-2.68337637547416
2202,7.49285727410003
2203,-2.4086135647552
2204,-1.58747319814409
2205,-3.42503270999218
2206,7.39918986948826
2207,-2.48393720900103
2208,-2.39049540567937
2209,4.64229528110149
2210,-2.18238160392058
2211,4.37560794912238
2212,-1.14118450885715
2213,4.13757992629004
2214,-0.744552094338184
2215,3.92994514096291
2216,-0.267708415445825
2217,3.75352514185799
2218,1.09459652296059
2219,3.65261403143277
2220,1.3704084846926
2221,5.76424858084089
2222,0.150713236880373
2223,5.74214055549409
2224,0.802959102614311
2225,4.21788420194223
2226,1.59701007507972
2227,2.90520996742462
2228,2.37214868780784
2229,2.91005738257214
2230,2.46340309147161
2231,4.1424704275649
2232,3.54407594291584
2233,2.88563112646797
2234,3.70143101942371
2235,3.68069183338828
2236,3.2519325638595
2237,4.21774605552063
2238,3.9549591740815
2239,5.30235767464026
2240,4.8574005997962
2241,5.11760311499573
2242,5.90171397191098
2243,4.36633716189603
2244,5.66633088808226
2245,5.73206172782548
2246,5.51606340027185
2247,6.45414941604912
2248,6.1971400719516
2249,5.7519065801641
2250,6.11544965864609
2251,5.92410156480048
2252,5.60308029345346
2253,6.82882676363132
2254,5.64361967421261
2255,6.69874017429091
2256,5.6267381587001
2257,6.37922030445207
2258,6.55635268654831
2259,5.41626152651561
2260,5.55381605576907
2261,5.04658049025922
2262,4.98811160949831
2263,4.6204348055373
2264,4.41099907988581
2265,3.87260935179668
2266,4.79474544786043
2267,3.70888732386491
2268,3.17042106907193
2269,5.04744949692119
2270,2.64978961089634
2271,3.8426500492366
2272,9.76597800270818
2273,10.5884842654154
2274,11.384907330079
2275,10.3787560790772
2276,9.33937382742491
2277,8.29060005325192
2278,6.85495252883976
2279,5.39838595614231
2280,4.66968349139118
2281,10.6280694301416
2282,4.79871808769173
2283,9.17518441305231
2284,3.96675613663032
2285,9.44509384574282
2286,4.62685120303446
2287,9.71804950356406
2288,5.58387373288588
2289,6.32018203235408
2290,9.84068877806762
2291,5.06134729399859
2292,10.0181229418698
2293,2.95002939141988
2294,8.13460148664946
2295,4.02500299465158
2296,4.49608773890809
2297,8.12293696965282
2298,3.80464494641244
2299,9.42699562827061
2300,2.80758150521358
2301,10.7630719918471
2302,2.35964402362646
2303,7.84356838202689
2304,2.16250749719833
2305,7.62712169028223
2306,1.49960170664307
2307,7.37333940423133
2308,0.885808723862393
2309,8.62952477769947
2310,0.336871109195624
2311,9.96646728899789
2312,-0.177822092504753
2313,8.49499473813759
2314,-0.504404635321625
2315,8.13758688998509
2316,-0.82906865772444
2317,5.81138783749628
2318,-1.91801220783081
2319,7.39623049391689
2320,-3.72348440034034
2321,6.97485496966631
2322,-2.84703508441165
2323,-2.95676978705509
2324,5.72797051314518
2325,-2.45330695545407
2326,-2.82504734857082
2327,4.44939079758292
2328,-2.66039402306184
2329,4.1847923983885
2330,-1.25027175875245
2331,3.94832615285053
2332,-0.899238664614187
2333,3.7970810365443
2334,-0.383559628947686
2335,4.8189041977913
2336,0.903276507887798
2337,5.51112224446812
2338,0.620766813114815
2339,5.67889571827815
2340,0.452076272779416
2341,4.11587747567911
2342,0.620898784586323
2343,2.74039340141734
2344,1.30099102114201
2345,2.71747072853643
2346,1.99123039771916
2347,5.13809814789171
2348,2.69971016957127
2349,6.98692875056712
2350,2.22484177710823
2351,4.45483819779552
2352,2.86148987727145
2353,3.88347154292877
2354,2.596080728198
2355,3.85594883297545
2356,2.66802709559635
2357,3.86566185228425
2358,3.53346975917461
2359,5.72310854992695
2360,5.14326713806605
2361,5.84721969203233
2362,4.5336902354404
2363,5.92569387814942
2364,4.97128922093346
2365,5.38127103400945
2366,6.46634719181787
2367,5.79827820294708
2368,5.4392850472524
2369,6.05403019390988
2370,5.64425968673297
2371,5.86863080108821
2372,6.59295088392331
2373,5.82920775633276
2374,6.42001879932532
2375,5.79723345125173
2376,6.75526659921488
2377,5.89531802549815
2378,5.3351291686304
2379,5.43229990227737
2380,4.96707170574409
2381,4.96310546057723
2382,4.54390325717619
2383,4.37813081964947
2384,4.25402713593576
2385,3.83081987444112
2386,4.11179296375938
2387,3.18970222046934
2388,4.10189777210402
2389,2.68199813548115
2390,3.90626913111957
2391,9.64696209374751
2392,10.4854893570069
2393,11.2880383751254
2394,10.2726754725615
2395,9.22523090394809
2396,8.16968364425834
2397,7.12336045244799
2398,7.00973193801494
2399,6.26999180978592
2400,10.5095063217285
2401,4.97294235453573
2402,9.0654648433719
2403,5.02673281044139
2404,9.32356356629554
2405,5.27941062626979
2406,9.60706060564329
2407,6.27018930198869
2408,9.70870834714839
2409,5.33071396436263
2410,9.88984870786754
2411,4.32134829347745
2412,8.03417243133134
2413,4.43428908994561
2414,8.01180320592575
2415,4.14394597666996
2416,7.98488610412898
2417,3.42637009194425
2418,10.1085773390631
2419,2.54212964165355
2420,8.95568589614611
2421,1.81977041956409
2422,7.46780566178556
2423,1.39807056393394
2424,7.20281956741254
2425,0.779956835073235
2426,6.91219377117952
2427,0.223167116713635
2428,9.7339387748273
2429,-0.867030274072051
2430,9.66034556260378
2431,-1.13383743334705
2432,9.55145709932498
2433,-0.804784690926288
2434,5.6235004970687
2435,-1.09774903749187
2436,7.66422365131431
2437,-2.92653765828774
2438,7.25224040039265
2439,-3.28310561071672
2440,-3.54012190715894
2441,4.55610352780067
2442,-2.89573673081182
2443,-3.2564302140648
2444,4.26651233874268
2445,-3.07764469914087
2446,4.00215376729523
2447,-1.5727217403378
2448,3.76488344417514
2449,-1.2151822433304
2450,5.94944647988801
2451,-0.699918674835322
2452,5.69931144527282
2453,0.705059854626027
2454,3.70885290120295
2455,0.153763329414971
2456,4.03687948181544
2457,-0.209746432211098
2458,2.61009642575388
2459,1.10601358294331
2460,2.50950392098715
2461,0.956942252665979
2462,4.98274909019278
2463,1.72905671023541
2464,5.00054518829486
2465,2.21276467010063
2466,3.95254742338172
2467,3.12439492778473
2468,3.38967824040533
2469,2.87255945353055
2470,4.38855733768447
2471,3.67188497742763
2472,3.54444037615168
2473,4.19576436551288
2474,2.36685726774296
2475,5.63601744164875
2476,4.08758364679122
2477,5.76500110242655
2478,4.24873117408148
2479,5.84702561800844
2480,4.62360029353062
2481,5.71197449170099
2482,6.14439591699499
2483,5.69380572291251
2484,5.09296128235227
2485,5.63811941682495
2486,5.33167653640434
2487,5.86121624577797
2488,6.34090629096521
2489,5.13172481014974
2490,6.20143912386408
2491,4.832451419624
2492,6.01524281651212
2493,4.69828146133617
2494,5.68455836624586
2495,5.83612339818377
2496,4.34421081843141
2497,4.85448312221903
2498,3.9331737564938
2499,4.69755232119517
2500,3.5940639718262
2501,5.01664061696003
2502,4.34715426818295
2503,3.21720837861729
2504,3.95072026336163
2505,2.72512276598761
2506,3.12863903557837
2507,3.03855504301079
2508,9.55179505805009
2509,10.3919374670821
2510,11.1876335849087
2511,10.1674191403755
2512,9.11599852894127
2513,7.90751351098002
2514,7.01292128022131
2515,7.27272095889601
2516,10.4112851115467
2517,5.64105808930877
2518,8.97719830555313
2519,4.88528959735584
2520,9.2210548876873
2521,4.90991310950595
2522,9.50984304886379
2523,5.91914812339456
2524,9.09205677816188
2525,6.63080781069263
2526,10.6189859068504
2527,5.13034691982179
2528,7.94155521215038
2529,3.27894857656179
2530,7.90603941029624
2531,3.52303454521471
2532,4.03976528714244
2533,8.82830353737411
2534,3.31894062676279
2535,10.1669539630375
2536,2.60010832907945
2537,8.15110822278829
2538,1.5450364920322
2539,7.31345611607976
2540,1.11171228153648
2541,7.03846802508763
2542,1.00083651854098
2543,6.74022955289628
2544,0.398117784888571
2545,8.05616103756114
2546,-0.13656537074302
2547,7.75844536965533
2548,-0.69419955228712
2549,9.3836023588803
2550,-1.08782628386263
2551,7.16257239260909
2552,-1.21679774532132
2553,7.45933463633065
2554,-3.49594442668646
2555,7.05617496257145
2556,-3.70430354899897
2557,-4.7257274627053
2558,4.3837277836288
2559,-3.36968717589612
2560,-4.30484653952746
2561,4.09288044615306
2562,-3.36444478773047
2563,3.82612565751072
2564,-1.90131851230515
2565,3.58498256017596
2566,-1.53685098949041
2567,6.24670238659829
2568,-1.0232527789261
2569,5.82352094368796
2570,0.493981952745897
2571,2.68279513058679
2572,0.80627501653862
2573,2.51839409789481
2574,-0.615177145866635
2575,2.37820065078281
2576,0.87220125579674
2577,2.26082421986806
2578,0.559558596650569
2579,5.13105529935865
2580,2.00445993251958
2581,4.7160966541444
2582,1.75573152117034
2583,1.54226472814051
2584,3.09403940999952
2585,2.81938563779181
2586,3.59891575409627
2587,4.48445223207423
2588,3.32254030495975
2589,3.22726887960113
2590,4.00317537678873
2591,1.97859227895195
2592,4.31946745879114
2593,3.70499027622276
2594,5.6529709016214
2595,3.84182354140625
2596,5.73832792906592
2597,4.24184503195428
2598,5.572419853773
2599,5.80036574130489
2600,5.4663762243019
2601,5.64776994681022
2602,5.11440634066042
2603,5.94955336035065
2604,4.28147398615116
2605,6.11879238648329
2606,3.52764516317921
2607,5.96820860409691
2608,4.66656522174041
2609,5.77764281189757
2610,4.34919751072554
2611,6.05855759121343
2612,5.75561813191389
2613,3.97408174983133
2614,4.74171584395397
2615,3.54471563703436
2616,4.67217755896172
2617,4.89016174799298
2618,3.97402731109567
2619,3.76182576186466
2620,3.24989281765265
2621,4.36345552124719
2622,2.7756921062406
2623,3.00470741682456
2624,3.77798576444474
2625,9.68631250983954
2626,10.0655807831267
2627,10.2932130032623
2628,10.0672187608939
2629,9.25973991377091
2630,7.5750935141452
2631,6.77052017066686
2632,9.61271200293686
2633,6.76582155848401
2634,6.21267778113594
2635,9.41354938034292
2636,5.45953136457131
2637,8.53354789352244
2638,4.76654268571217
2639,10.0934731993714
2640,4.75595824232618
2641,7.65721442522132
2642,5.78713054499339
2643,9.90912351965526
2644,5.63982046090362
2645,9.89177052157204
2646,4.34442002236408
2647,7.8072075830442
2648,4.35473849520687
2649,7.6977326359306
2650,3.27658479957883
2651,9.89841197522792
2652,2.93632522109928
2653,10.0630774554836
2654,2.20423765558059
2655,8.47454096961652
2656,1.23529887348025
2657,6.88264389183677
2658,0.55485852428019
2659,6.577480078356
2660,0.292431924548816
2661,7.83380773453317
2662,-0.240401446832747
2663,7.5406060253529
2664,-0.699432347189081
2665,7.5598569338865
2666,-1.7747479457624
2667,7.21497472770315
2668,-1.97466167938302
2669,6.91085295882139
2670,-3.68881321240711
2671,8.65893205873225
2672,-4.66948317969739
2673,-4.27741254705555
2674,4.2204523918023
2675,-2.72207411268819
2676,-3.94337102077908
2677,3.92549746676234
2678,-2.90391997871388
2679,3.65308848290972
2680,-2.23480730009781
2681,3.40447774400716
2682,-1.62910137481993
2683,6.07367610573719
2684,-2.11478709889302
2685,5.64413405661666
2686,0.269129502858552
2687,2.46800798208091
2688,0.591393600627876
2689,2.28669699844565
2690,0.0111935074130523
2691,2.12752360060037
2692,-0.367388031768321
2693,1.98934423766098
2694,0.958520576805505
2695,4.90033027850413
2696,1.56044002376088
2697,5.93508937988552
2698,2.33423156516236
2699,4.01470151837584
2700,1.65590554482318
2701,4.06226207882471
2702,2.72469888724789
2703,3.85061990102556
2704,3.16308624266663
2705,1.49489444245764
2706,3.55262307659881
2707,2.85256681354906
2708,4.08422526356362
2709,4.58333301093779
2710,4.12510482043639
2711,3.37911761335941
2712,4.60558424946174
2713,3.82475544586554
2714,5.30450111021071
2715,5.43285482622523
2716,4.8778769764737
2717,5.50656170449271
2718,4.41343787947279
2719,5.32179956655867
2720,2.92023177894382
2721,4.9679410176082
2722,3.1990892517998
2723,5.71887086570031
2724,4.37989921076511
2725,5.56723841803466
2726,4.0154243742192
2727,5.9426684600205
2728,5.66809085280552
2729,3.67012493977568
2730,4.62278261069306
2731,3.47258362154441
2732,4.67225602278606
2733,4.25066695198146
2734,4.37743542555071
2735,3.77620234634904
2736,3.54134267684111
2737,4.83079969224426
2738,3.44690374571397
2739,3.10875746997648
2740,3.82525212373489
2741,9.5132067747928
2742,8.96949131451418
2743,9.49466734415584
2744,8.94320346610983
2745,8.55459548011094
2746,10.5386995245338
2747,7.63155655677761
2748,6.84860705755098
2749,7.17655058089003
2750,8.54800539771552
2751,6.22341711517078
2752,8.7425557280019
2753,6.06236853815136
2754,9.28790989871976
2755,4.60530859796041
2756,9.37453382150674
2757,4.55313897713903
2758,7.65313975551149
2759,4.45967874946398
2760,9.70574109831617
2761,7.14933862592057
2762,4.22794202172576
2763,4.99960575428071
2764,9.62390673604117
2765,3.96212165709466
2766,7.59027354064433
2767,1.9720412850468
2768,7.41121508946196
2769,2.18681662445333
2770,2.80106841947423
2771,8.48592248276377
2772,2.07486737186772
2773,9.6254577314804
2774,1.37772339542781
2775,8.99850939151228
2776,0.267520566571344
2777,6.42357080483281
2778,-0.126950913378822
2779,7.50858714847327
2780,-0.0721343324416757
2781,8.68370599434112
2782,-0.580994660585504
2783,7.13513145330828
2784,-1.01149968379219
2785,8.55857056844804
2786,-1.75804906730966
2787,4.80325116355944
2788,-3.87243409834239
2789,8.57693599112828
2790,-4.42994522516447
2791,-5.41323971490438
2792,6.03443626595832
2793,-3.36678342864349
2794,-4.90254179302997
2795,3.75941505946362
2796,-3.1539733580797
2797,3.47765118573751
2798,-2.53348787494132
2799,3.2176413659939
2800,-1.56930926686216
2801,5.88659424065684
2802,-2.8061915085337
2803,5.44675809861318
2804,-1.04139532979921
2805,2.2368147567634
2806,0.361491745146528
2807,2.03444789354018
2808,0.719513308861523
2809,1.85231678065675
2810,-0.791270023187537
2811,1.68960573378562
2812,-0.365225607689162
2813,3.908580115644
2814,1.2729398090345
2815,7.34796634568935
2816,2.98095718765679
2817,3.82262448210578
2818,2.1198300946022
2819,3.51452779144219
2820,1.72107140972032
2821,1.08298787506812
2822,3.35531024113395
2823,1.10408085456566
2824,3.28442912344321
2825,2.38194938495444
2826,3.63834451280966
2827,3.80857675121144
2828,4.24673764828621
2829,3.05310586730424
2830,4.06002690499049
2831,4.58497848883709
2832,4.94459181834645
2833,6.39083266621743
2834,4.75826136714701
2835,5.20511444422492
2836,4.514836809067
2837,5.04946298450305
2838,4.52275640061641
2839,5.37070775631615
2840,4.03991258558351
2841,6.65241059994694
2842,4.21259464079286
2843,6.50379752262567
2844,3.65801588301847
2845,6.95732270016144
2846,5.70952941877417
2847,3.29822326575118
2848,4.93218439203223
2849,3.83620157739809
2850,5.60196932165818
2851,4.70192259513289
2852,4.37757594894704
2853,4.60458867743634
2854,4.21639459803357
2855,3.5407945756768
2856,4.52567958974559
2857,3.00036318864059
2858,4.31149053904207
2859,9.15739566881181
2860,8.8144875794574
2861,9.01493237280709
2862,9.47749135364874
2863,9.08788033223571
2864,7.46631346601431
2865,6.89487179668676
2866,7.93442047913804
2867,6.64990479698722
2868,9.15107426406061
2869,7.04811897070419
2870,8.30442829661203
2871,5.93411143112777
2872,9.18130437330575
2873,4.39002296772614
2874,9.20372430785421
2875,3.54004077450574
2876,7.56694321963167
2877,7.14933862592057
2878,1.95961772934685
2879,3.3840620038483
2880,4.59316393599869
2881,9.41348245581972
2882,5.53281701750819
2883,9.27044780713232
2884,2.84189512696778
2885,7.29459409642866
2886,3.12218296456732
2887,7.05617610160648
2888,2.0356331332632
2889,6.78310433614261
2890,1.69593830168253
2891,8.77359225068554
2892,0.998792258779593
2893,8.4789995141812
2894,0.00713247662201422
2895,5.94795465585138
2896,-0.405541954001167
2897,8.48891011804602
2898,-1.04016765775215
2899,6.70737856812018
2900,-1.09034265987239
2901,8.41842217672283
2902,-3.14986296337127
2903,6.29548223849634
2904,-5.23593731965837
2905,6.2455863447529
2906,-5.24490227705302
2907,-5.61618365719076
2908,7.95972207343015
2909,-4.69543085360883
2910,3.58812305938184
2911,-3.22458837619222
2912,3.29305546841852
2913,-1.4422764791818
2914,3.01758126302773
2915,-2.52681352436094
2916,5.04484713596383
2917,-2.06876060617996
2918,7.18642510827191
2919,-0.943123321705759
2920,1.98256702607037
2921,0.00572511742880427
2922,1.75528499224004
2923,0.484007398242175
2924,1.54660769778669
2925,-0.414896457162582
2926,1.35611737089151
2927,-0.705843520363148
2928,1.18360413828398
2929,0.3005339212549
2930,2.95519545783285
2931,2.77055008530073
2932,0.813476395187247
2933,3.13939797239432
2934,0.777009444752416
2935,2.64725254775142
2936,0.681275357369725
2937,2.26895917665899
2938,1.94888530610907
2939,4.35089310705745
2940,3.64549184266668
2941,3.25516808493229
2942,3.63646189392088
2943,4.22386219155975
2944,3.91810406728942
2945,4.58347754421951
2946,5.3765433633039
2947,4.72392183855341
2948,4.19494748320182
2949,5.24746660470901
2950,3.84017166672043
2951,5.17640031102243
2952,4.8944673662377
2953,5.0475518839033
2954,5.87448903968277
2955,4.86169783952473
2956,6.18069371660896
2957,4.62071903316536
2958,6.10910342266872
2959,4.32747661796551
2960,4.64693871229679
2961,3.98562534699669
2962,4.87609752336686
2963,5.37501821886537
2964,4.332578543236
2965,4.13814369114506
2966,4.62845878856348
2967,4.7950483375451
2968,4.14776615784675
2969,3.86772980154344
2970,3.60810826479806
2971,3.55993776996636
2972,3.79284926039291
2973,8.83305351594901
2974,8.03209624234778
2975,8.25414192512741
2976,9.38809832208858
2977,8.4292437152499
2978,7.20259693795338
2979,6.04690641190363
2980,8.97582253205496
2981,7.21247640470499
2982,9.1625197283052
2983,7.70556291414751
2984,7.33761124887678
2985,5.84175779186427
2986,8.98330931928773
2987,4.8862570160347
2988,8.93873003994194
2989,2.97839667512116
2990,7.38936622757172
2991,2.8353795642444
2992,4.75918231893013
2993,9.03296040057373
2994,2.90160775280928
2995,8.90370838092135
2996,2.47382708841807
2997,2.64316681478919
2998,7.87016169969999
2999,0.567584709668002
3000,7.64315456283572
3001,0.857459410534809
3002,1.55915079322266
3003,7.25176904397507
3004,0.876672738251306
3005,8.23292086865996
3006,0.246498499776285
3007,7.9257474067122
3008,-0.320828474045329
3009,6.93241556717794
3010,-1.47294384807554
3011,6.64308882938664
3012,-1.7661520515769
3013,6.69231597551628
3014,-2.99732817317954
3015,6.35584900251086
3016,-5.99185746088575
3017,4.15813202706489
3018,-4.69282350142009
3019,-6.55153505025437
3020,7.3926107227926
3021,-4.21207039820422
3022,6.99718309543476
3023,-3.36304374797085
3024,3.09171802457931
3025,-2.31151613208612
3026,2.79679268733178
3027,-2.80875131464868
3028,2.51970298975638
3029,-2.87848666566804
3030,6.36797854844344
3031,-1.78870892605273
3032,5.93756403043075
3033,-1.38997374123246
3034,1.44294888712419
3035,0.227087553619725
3036,1.2047142839358
3037,-0.586813550920801
3038,0.983847834112639
3039,-0.4195696436222
3040,0.780655658637137
3041,-0.0819872944947885
3042,0.59581043645169
3043,0.989078189842761
3044,1.70281838347754
3045,2.91535860998196
3046,3.02228474268788
3047,3.27382730853675
3048,2.89216421881343
3049,1.96478041583972
3050,3.05433691337776
3051,3.22355501654248
3052,3.83922033920487
3053,3.55326137131609
3054,4.00366930606638
3055,3.64561504522065
3056,4.16035445279814
3057,4.49094475012979
3058,4.35626557704712
3059,4.50763434086487
3060,3.85032655369949
3061,4.71471740227463
3062,4.23893464402449
3063,4.99065906044951
3064,5.86729593937633
3065,3.78543689889836
3066,5.90220612019091
3067,3.562994771475
3068,4.73199698531138
3069,3.35515314703845
3070,5.18615659452588
3071,3.37126858250194
3072,5.5030250766788
3073,3.8131540931004
3074,5.95687007966812
3075,5.08147582268652
3076,4.17918854482714
3077,5.11209659482648
3078,4.75489996350201
3079,4.00237950742184
3080,4.65229244479527
3081,3.03215219419654
3082,3.49865451054521
3083,3.125779094329
3084,3.79219765024965
3085,6.88736097221965
3086,8.68250260877725
3087,8.05712528439885
3088,7.08480596441887
3089,8.09225520410925
3090,8.26865395248271
3091,7.83431549617604
3092,9.2397541910991
3093,6.43033908732484
3094,6.62571270993045
3095,8.04838486608337
3096,7.10428067073435
3097,7.27972386603729
3098,6.68723167280022
3099,9.02810366650552
3100,5.37062138727363
3101,8.40652670381431
3102,3.96316148803782
3103,7.51296939443935
3104,3.60987755443303
3105,8.23053178329064
3106,2.78819684011061
3107,4.37153447531103
3108,8.11537546063097
3109,2.42588827864916
3110,7.97862378231159
3111,1.1013753533803
3112,7.97238393603886
3113,-2.60429382643364
3114,-2.06461241115184
3115,6.70501234570534
3116,-2.42467670709706
3117,-1.2208087891703
3118,7.7524121764071
3119,0.38772040947917
3120,7.67532593139958
3121,-0.259688614272908
3122,7.57282217116524
3123,-1.24520274155365
3124,6.1974261631847
3125,-4.06629181974835
3126,7.48187919565444
3127,-5.84180465813331
3128,-7.24590693805985
3129,3.97350600123654
3130,-4.55679291627802
3131,3.63915145213488
3132,-3.86469577198379
3133,6.8422756002714
3134,-2.20764974738898
3135,6.43939052009383
3136,-3.44035253659907
3137,2.5478332489323
3138,-4.22125596349811
3139,2.24565804750422
3140,-2.91793131070639
3141,1.95954556532889
3142,-2.31568604169076
3143,5.77468785090088
3144,-2.61347242193841
3145,5.77756706896294
3146,-1.36655162409747
3147,-2.22355921416406
3148,-1.12645635922106
3149,3.05397629787438
3150,-1.48189928670102
3151,-0.273204763912984
3152,0.568765991008059
3153,-0.174589435796294
3154,-1.06846743684778
3155,-0.276714151678268
3156,0.333562970460823
3157,-0.24089120513525
3158,-0.906615704150355
3159,-0.622284665702356
3160,1.36304851188969
3161,-0.679522334173917
3162,-0.142676313569905
3163,2.70343931022155
3164,2.39241759649534
3165,2.65556659728887
3166,3.07747089351026
3167,4.01269516643437
3168,2.5076010518686
3169,4.65167557002622
3170,2.58882873298465
3171,3.43448758903563
3172,3.52037344401152
3173,3.57831270249004
3174,2.75431331139667
3175,3.74419381741514
3176,3.84516484270788
3177,3.91096185878707
3178,4.51785505376828
3179,4.08528569242756
3180,3.21013826850956
3181,6.04613916733743
3182,2.14080625167772
3183,5.38329584148593
3184,2.47039730027508
3185,4.73553852561703
3186,3.24375079350049
3187,4.6161469876311
3188,3.02723838886564
3189,6.5909104849363
3190,6.01945803915862
3191,3.56747383451176
3192,5.46712913262945
3193,3.60825443351255
3194,5.58122750879088
3195,4.97153959477141
3196,4.01124368131902
3197,3.78523267403331
3198,3.69244835481698
3199,4.34961734482583
3200,3.73315382188874
3201,3.55582864999698
3202,3.23776838691635
3203,4.22734165306939
3204,8.4498054182174
3205,8.53730743206395
3206,6.83699906459317
3207,6.92985630091349
3208,7.9987618390852
3209,7.09038845535075
3210,7.60945162390381
3211,7.57535448917028
3212,6.91872168904737
3213,5.75714790197421
3214,7.0724035147956
3215,6.84528967694936
3216,7.63608900177358
3217,7.28031773377042
3218,8.10689026906042
3219,5.46610361845105
3220,7.47617310533332
3221,4.55152512955165
3222,7.03121700349504
3223,4.92152014502722
3224,6.80327964750491
3225,4.07855835921147
3226,7.32169407146851
3227,3.23408883693596
3228,7.31613298141574
3229,1.57883403602495
3230,7.23020332223337
3231,0.292749673552875
3232,6.33977815911404
3233,-2.1411924567105
3234,-1.31074229306286
3235,7.10034163733048
3236,0.184054229850305
3237,7.14340721465104
3238,-3.68299512896194
3239,6.80148216311606
3240,-5.42764628635804
3241,-8.27774414312168
3242,-5.38264185421644
3243,6.9565686580777
3244,-3.20534545969262
3245,6.58351201232187
3246,-3.57954973849328
3247,3.41152597017073
3248,-2.70910043738972
3249,3.07073864293219
3250,-2.51805907984603
3251,6.242604457843
3252,-3.52892125583669
3253,6.15210659571632
3254,-4.8797815498178
3255,4.14926929154227
3256,-3.72362890734142
3257,3.56348407180609
3258,-3.05403400851324
3259,1.31765282059541
3260,-1.27583238108471
3261,3.17309723039118
3262,-0.381074123163226
3263,5.22026955473692
3264,-0.64128025401744
3265,-0.630683281998175
3266,4.81005162320247
3267,-0.165445789629963
3268,-1.07568337756842
3269,2.52402322336306
3270,-0.297058887620476
3271,-0.498684038546225
3272,2.29070020927819
3273,-0.297894623762351
3274,1.92539094408459
3275,1.97612946184064
3276,1.04593390707573
3277,2.94570690764013
3278,2.27802618368321
3279,2.11186849001394
3280,2.22940201481633
3281,2.33969590180674
3282,3.10191600083315
3283,1.91257096130468
3284,2.47301861547789
3285,3.12232703323045
3286,2.7158901549626
3287,3.28552288962162
3288,3.5661789108428
3289,3.45724071034227
3290,3.16128547772095
3291,4.25981561873898
3292,1.32357161854815
3293,4.03570020714882
3294,0.913990456879769
3295,4.01186182139551
3296,1.99888375701968
3297,5.23018924163072
3298,3.20063443139769
3299,5.79563090884831
3300,3.94900849232341
3301,4.91869037725249
3302,3.71122945421056
3303,5.79878334030029
3304,5.24871075659695
3305,3.47819893019276
3306,3.68814229530799
3307,4.13465918119307
3308,4.63784652574922
3309,4.43747296373808
3310,3.73039367500677
3311,4.04398052661824
3312,4.05501033246517
3313,3.28952783579686
3314,4.44974456518067
3315,7.80796929860152
3316,7.84100075213603
3317,7.25601138271976
3318,7.24594174198968
3319,7.36606842856037
3320,6.69026257260998
3321,6.30419936653873
3322,6.9624765366622
3323,6.77753600999081
3324,5.66328137399621
3325,5.90555537958999
3326,6.70076744786762
3327,5.64757567190898
3328,5.05910958576719
3329,6.3626279101392
3330,4.76845909142859
3331,5.23948232056629
3332,6.93441928400185
3333,6.27342815802242
3334,6.72637251881535
3335,5.46414375440435
3336,6.25254050649662
3337,3.45971920292607
3338,6.36841549554182
3339,2.69453430994683
3340,6.75505545784625
3341,2.95491278635979
3342,6.81913531739008
3343,2.14809300905931
3344,6.52222646321763
3345,-0.425125184642222
3346,6.66165943083288
3347,-2.05214887365628
3348,-3.34716091060626
3349,6.34366316272358
3350,-3.7588384786459
3351,-4.40973104774949
3352,6.49890408872938
3353,-2.81308352105264
3354,6.1564943157602
3355,-2.88340748597349
3356,6.31811209417004
3357,-2.84961013961525
3358,6.09711777941422
3359,-2.75726369522216
3360,4.42531522275383
3361,-3.05993966988576
3362,3.9736416931001
3363,-3.84875375714472
3364,3.9094143664775
3365,-3.46876100070881
3366,3.87474137344137
3367,-2.67137601913187
3368,5.36502569869529
3369,-3.3353455622934
3370,4.94976407059146
3371,-1.63595689280475
3372,2.55213939479971
3373,0.337794631495481
3374,0.280377061665354
3375,-1.37330879167413
3376,2.13415722422599
3377,-1.81183978956942
3378,2.22611847989562
3379,-1.59069142675584
3380,1.61978080162555
3381,-0.900080859765193
3382,-0.865884277408446
3383,0.0655032036106207
3384,0.158451847812687
3385,1.31134416680844
3386,1.3401950794409
3387,1.18087650742406
3388,0.624626195539026
3389,1.67438903030153
3390,1.91091850184146
3391,1.80426202103146
3392,2.63424165994377
3393,1.6608562683454
3394,2.79728184912264
3395,2.31951183003036
3396,1.86204986866939
3397,2.97860969084592
3398,2.32860667056675
3399,2.0102954288098
3400,3.18797497410854
3401,1.20216332577013
3402,4.52878220631996
3403,1.93532208231521
3404,4.12022714291717
3405,2.73201267358114
3406,4.54434358524458
3407,2.84389258140973
3408,4.53778095798747
3409,3.11678613569856
3410,4.99409911991375
3411,3.89132591972773
3412,4.13842224288009
3413,3.56506714848724
3414,5.00801744170428
3415,4.61557413306491
3416,3.89015571032271
3417,3.28240901052625
3418,4.19182109589827
3419,4.09374348426889
3420,3.90757842402073
3421,3.92404334244527
3422,4.09085179520964
3423,7.26813701083535
3424,7.40561949282246
3425,6.65262005863646
3426,6.62522826881029
3427,6.80595008300001
3428,6.84895049247903
3429,6.20111020815153
3430,5.2927964818067
3431,6.02296176412568
3432,5.49198628234667
3433,5.64733612219865
3434,5.15989747210026
3435,4.21530064106206
3436,3.61671921051499
3437,6.45601182591091
3438,2.63189252324451
3439,4.53470984890161
3440,6.06491059071446
3441,2.72021557602894
3442,6.1456716246374
3443,2.1435427882087
3444,1.94277068844127
3445,6.27576157973859
3446,1.49225847756982
3447,5.99506959540974
3448,0.955043462694722
3449,6.12416078490808
3450,-1.05089572339172
3451,-1.43857784729303
3452,5.82398479535605
3453,-0.188419398202495
3454,5.96956798416475
3455,1.06386554991125
3456,5.65161017379247
3457,-1.45787476194529
3458,5.81435955789402
3459,-2.54509366487842
3460,5.46914830541313
3461,-2.52990667033485
3462,4.26846816013273
3463,-2.45573376210514
3464,4.07486964325126
3465,-3.71796050158219
3466,5.26554993027057
3467,-3.68377094580028
3468,4.86240609007055
3469,-3.12891677678111
3470,2.93776435652572
3471,-2.5209264470079
3472,1.018722999283
3473,-2.20980180160872
3474,2.56392324549425
3475,-2.87524925955727
3476,4.29973689035833
3477,-1.91453669043643
3478,3.9015671453652
3479,-2.93941499375715
3480,1.44537301428897
3481,-2.47251559865286
3482,-0.860365715889238
3483,-2.09307180605501
3484,-0.939406977578348
3485,-1.13627850796691
3486,-1.29988133092267
3487,-0.60386330740092
3488,-0.170287217957289
3489,-0.867512004254629
3490,-1.04720987314423
3491,1.14566429003245
3492,-0.477877324217725
3493,-1.06357174013523
3494,0.96617816329488
3495,-0.256695508420487
3496,1.27800732581872
3497,0.677923420137711
3498,0.429223225371325
3499,1.96462150677177
3500,0.989959224144282
3501,1.54158565531231
3502,2.11376171868016
3503,1.25796866914463
3504,0.824854924297117
3505,2.29481953880607
3506,1.47590144394028
3507,1.24066792822257
3508,2.47636325817458
3509,1.74695588585534
3510,2.36679399391051
3511,4.40506989345758
3512,2.13081805780868
3513,3.10169238583496
3514,2.80338550988083
3515,3.10372196872849
3516,3.81176759410307
3517,4.1726264963307
3518,3.70657490322613
3519,4.17969304122837
3520,3.28077733044693
3521,5.38350825842666
3522,4.76145867060605
3523,3.61298539398402
3524,3.94261156756736
3525,4.32687701094339
3526,3.42050344010249
3527,4.11481056358143
3528,4.11055802829986
3529,3.23069788658015
3530,3.75191236506629
3531,4.57640947795159
3532,4.57335851298736
3533,6.24695897410064
3534,6.20953355840215
3535,6.78748268100156
3536,5.07612020192058
3537,4.43595149469452
3538,8.19149269670513
3539,6.21798142092096
3540,5.6576057760025
3541,5.82086146423374
3542,3.88146223381156
3543,5.56016113786562
3544,3.67096741360448
3545,4.12569159761378
3546,5.6929910869184
3547,1.93105962175644
3548,4.28303502092597
3549,4.950115914498
3550,1.70909747147194
3551,5.58034788188216
3552,1.14092253937041
3553,5.25634603842268
3554,0.589160081439203
3555,5.38774115889034
3556,2.30924247366328
3557,4.79637648905052
3558,1.60745519891966
3559,5.79687019547754
3560,-1.68518560638486
3561,4.72451927619591
3562,-3.49729628702527
3563,-3.84099621414411
3564,5.96483251853195
3565,-2.5531316660594
3566,-3.50087806037568
3567,4.64043369429752
3568,-1.92409674317729
3569,3.2290732239193
3570,-2.31272657682161
3571,1.74517845418314
3572,-3.50668528542514
3573,2.87594894182445
3574,-3.02955382017398
3575,4.20665199508227
3576,-1.77328044862006
3577,3.82349329876083
3578,-1.44305067392897
3579,1.94475766189354
3580,-2.40480315402004
3581,1.54108837895092
3582,-2.8663548862487
3583,1.41804260643617
3584,-1.8773313193052
3585,3.16208626506115
3586,-1.60215616875396
3587,2.78751492586297
3588,-1.36238932200363
3589,0.660897954741271
3590,-1.10904189746977
3591,0.565286734088226
3592,-2.0736318690379
3593,2.06378166708334
3594,-1.35484370111481
3595,1.16569232026849
3596,-0.519796481308413
3597,1.28478462402491
3598,-0.0964689300606496
3599,1.41548908290344
3600,1.50611339011376
3601,1.59065270510833
3602,1.39609200359402
3603,1.76992623044466
3604,1.78539802462257
3605,2.58638299351812
3606,2.35385749142169
3607,2.4396398015456
3608,2.62567882129882
3609,2.41884054712143
3610,3.12162778622386
3611,3.18107884274824
3612,3.58031184335071
3613,3.67552646725744
3614,3.79429255740132
3615,4.00515954120007
3616,4.01046268716148
3617,3.27949426110838
3618,4.11278167691018
3619,3.35567489129898
3620,4.35399560060275
3621,4.45390109918611
3622,4.40853169369095
3623,4.3689930319096
3624,4.44750678987284
3625,3.95853759178988
3626,3.47437244273331
3627,3.8501140275856
3628,5.14578912933811
3629,4.16851755666343
3630,4.93331216906915
3631,5.41056777250438
3632,6.27028516830052
3633,5.20912941161708
3634,4.9850759510416
3635,4.08850662815612
3636,2.22962886317177
3637,2.55520431141048
3638,4.1842222713696
3639,2.97170906558465
3640,1.13953453080558
3641,1.63840756579165
3642,1.24994361245521
3643,3.56322067336939
3644,1.30956560917006
3645,1.13663978433899
3646,3.93604744749129
3647,2.25664004849106
3648,5.24393459623436
3649,0.887663853172911
3650,4.47861553559973
3651,0.383091698490897
3652,3.81288169413149
3653,0.571431698076024
3654,4.04314617778794
3655,-2.03505674680341
3656,-2.59544776519851
3657,4.48520355126678
3658,-1.94559708373342
3659,4.58681340688634
3660,-0.737499609785632
3661,5.01330453719413
3662,0.287194523121419
3663,3.9419425354303
3664,-1.01533097747601
3665,3.57451475713282
3666,-2.58358994420739
3667,2.00684550409881
3668,-2.43913786892911
3669,1.80507237961193
3670,-2.14690376839035
3671,1.72671838324454
3672,-1.82771151386123
3673,1.469804129413
3674,-1.77086000371765
3675,2.88380570818779
3676,-1.99701569884153
3677,2.53206452427799
3678,-1.47223216460447
3679,0.571064777657367
3680,-1.68576766793267
3681,2.44238234445676
3682,-2.88277110946017
3683,2.53658285844239
3684,-2.36945065070956
3685,2.56876566193522
3686,-0.917465242733119
3687,1.08744972981386
3688,-0.323946717971813
3689,1.71681902428593
3690,-0.865065415210592
3691,-0.789578502415099
3692,0.712127610156172
3693,-0.715431860078625
3694,1.72275640739197
3695,1.08220960855852
3696,-0.670271684697312
3697,1.04868466031499
3698,3.19140100334466
3699,1.25747381406113
3700,3.09071325530084
3701,1.51648495118629
3702,1.98811793091455
3703,2.86814795120889
3704,2.25033558370022
3705,1.95259444839538
3706,2.84422527926816
3707,2.19746158212994
3708,3.34987732632188
3709,3.31806883669729
3710,3.32853307677278
3711,3.35469189432286
3712,3.77848201418416
3713,4.76316841980641
3714,4.94910867983751
3715,4.64375452921013
3716,3.79152466939794
3717,3.95984814515708
3718,4.30034639987374
3719,4.03205384008853
3720,5.0758900268622
3721,4.6106030835409
3722,4.60561176598664
3723,4.21816632824599
3724,5.04395606676515
3725,5.04006379768948
3726,4.44211736628337
3727,4.39880672609604
3728,3.92004403991048
3729,4.16985098776551
3730,4.94282208750217
3731,2.39616039546607
3732,4.06463418509987
3733,1.64490521135534
3734,1.68920567330566
3735,2.57401442118487
3736,0.557220752859951
3737,2.75727266311978
3738,3.88306690463972
3739,3.60380157456062
3740,4.37679081906544
3741,0.479901694009909
3742,3.15569380328699
3743,-1.11991073350494
3744,2.21326470964707
3745,-0.111746034421821
3746,2.89521839351456
3747,-0.418263696038213
3748,2.93207543644088
3749,-2.95555355496456
3750,4.98728257284945
3751,-1.87659036955279
3752,2.80932240802101
3753,-0.740981900082756
3754,2.57852787511382
3755,-0.728566769858326
3756,2.23984857310576
3757,-2.8085011780937
3758,3.76803709266315
3759,-2.53676539362005
3760,2.30783566466007
3761,-2.21711172842662
3762,0.606419211122441
3763,-1.44083388199966
3764,0.381338705062733
3765,-1.19769763153108
3766,1.93297481309724
3767,-1.56460032559003
3768,1.74822482622039
3769,-1.56439275077136
3770,-0.135361085337813
3771,-0.870255072623115
3772,0.677845185136302
3773,-0.266288181977523
3774,1.05818888977551
3775,0.518745169327745
3776,-0.0122246567309605
3777,1.5383058285585
3778,1.30066071969076
3779,0.524110030693457
3780,2.02818239944082
3781,-0.267824093233443
3782,2.53378946890178
3783,-0.626221372688249
3784,-0.517548646389061
3785,1.33573915146532
3786,2.3071310952436
3787,0.740607693615684
3788,1.35523341563223
3789,1.34794842337692
3790,3.11528154357002
3791,1.6201844807054
3792,2.22359233530888
3793,1.87307289769067
3794,1.4821997957211
3795,2.94429313073098
3796,3.5889564648594
3797,4.27725359807669
3798,4.07600424114268
3799,3.777883352036
3800,5.53922103861899
3801,5.20771676817458
3802,3.7393453750097
3803,2.75588412128663
3804,3.15944453327094
3805,4.90239946348611
3806,4.63411074473328
3807,5.90630577759453
3808,5.33215359396485
3809,4.68307524692058
3810,4.13129552479293
3811,3.63413158732815
3812,3.93871940199922
3813,3.76928769393577
3814,3.38151159913468
3815,5.21441393694973
3816,1.75252763385431
3817,2.91238973500341
3818,2.20105701740678
3819,2.50514989076648
3820,1.48078552273399
3821,4.15013575912042
3822,2.41190437191764
3823,3.43046030241102
3824,3.5023612654166
3825,2.5325503787004
3826,0.110248445564499
3827,2.22590896896784
3828,-2.78875928910521
3829,2.07593534035753
3830,-0.440677301212587
3831,1.78722470528104
3832,-0.246766495537944
3833,2.81351904344693
3834,-1.43879232674032
3835,2.62114834120004
3836,-1.75899175488362
3837,1.17301557067603
3838,-0.828418175371982
3839,1.05799239871474
3840,-0.738596571203046
3841,2.56484516759455
3842,-2.92491959395538
3843,2.78870791252439
3844,-2.60571643288748
3845,1.13559100712912
3846,-1.67091917060925
3847,1.06073802613399
3848,-1.40567418845426
3849,1.00116249055135
3850,-0.954625141100147
3851,2.5558829990713
3852,0.578939255864311
3853,0.73465942137516
3854,1.09105668573923
3855,-0.988397959816536
3856,1.6994328486676
3857,1.18320935442664
3858,2.12260395132632
3859,1.12868353702941
3860,1.41473275682483
3861,2.13942448019659
3862,1.12400049936998
3863,0.509426849278451
3864,3.84819125100138
3865,2.76633792737763
3866,1.64975107408948
3867,1.06289106290524
3868,0.34059474107172
3869,2.44591916236381
3870,0.918990624077995
3871,4.21317223591946
3872,3.58396033896749
3873,1.50163070189512
3874,2.21642683122317
3875,2.54501974604841
3876,1.98988439961952
3877,0.60005825138461
3878,1.13737147521916
3879,1.89001928243879
3880,3.6074783211307
3881,2.72089650970372
3882,2.61652641768876
3883,2.20567029329711
3884,4.41949189949052
3885,4.72250358345391
3886,3.52196952183046
3887,1.65352780022748
3888,5.06455904708167
3889,4.65345422566069
3890,4.84631596611762
3891,5.37323645838614
3892,4.36687495011751
3893,3.65959309117779
3894,3.98638575341673
3895,3.11743226634363
3896,4.71343915402923
3897,4.40352950036775
3898,5.77995457914017
3899,5.22658552878935
3900,4.65659538903101
3901,4.68234311828171
3902,1.578455125783
3903,2.46201968250994
3904,4.21098346859959
3905,4.69909286682311
3906,2.08776456004975
3907,2.61297376502522
3908,2.66173535405654
3909,2.82274891902206
3910,1.21009327449418
3911,0.476726608863984
3912,1.44888678328364
3913,0.957021467124376
3914,0.524325873945719
3915,0.401944756521757
3916,0.932588603347364
3917,1.9787430338979
3918,0.407264157776329
3919,0.949638350951104
3920,-0.940845231208327
3921,0.403074218464541
3922,-0.0780830541520851
3923,1.13483906937976
3924,-1.6049441062007
3925,1.37474862388355
3926,-0.371555340605307
3927,0.00113918509042055
3928,-0.168964175451148
3929,-0.0772389326098173
3930,0.872860742951063
3931,1.39600198015849
3932,-0.693928547117977
3933,1.65957394902788
3934,-2.98723682408582
3935,0.114161908077351
3936,-1.58104830512046
3937,0.0858720512748308
3938,0.24385161359981
3939,0.0739293560961145
3940,-0.331415166434098
3941,1.46360177047517
3942,1.1082289613502
3943,4.60337755592026
3944,3.41745673928704
3945,1.79573879071551
3946,3.66861575066835
3947,2.13009409109753
3948,1.05454215931672
3949,0.114366373700224
3950,0.911632940558516
3951,1.30997174423367
3952,0.43490076240951
3953,1.84963667045756
3954,0.551735461167657
3955,0.571661918076778
3956,3.81174736866756
3957,2.83944624117012
3958,4.24311308311165
3959,2.23734961925764
3960,3.99766045253699
3961,7.47860150157204
3962,3.24151606838255
3963,2.33495240260465
3964,4.14280817413516
3965,4.70282380686429
3966,1.86176911672978
3967,2.40318478617688
3968,4.17752529170865
3969,6.01040890951498
3970,4.99865188516518
3971,3.82467798817827
3972,2.35733065987264
3973,0.860378592761849
3974,4.36900477809113
3975,4.84220333434467
3976,3.55314098681818
3977,1.9522656618534
3978,2.18729817689685
3979,2.49686766271982
3980,2.0044246608471
3981,4.45575499016889
3982,4.08000657732311
3983,3.58006185546657
3984,2.68651781892261
3985,2.20052558440208
3986,3.01968869182284
3987,4.43083458989573
3988,4.05072322415717
3989,3.82084947741201
3990,4.62778596642103
3991,4.36631518755179
3992,3.97643877477473
3993,4.67398238551773
3994,4.22306532574367
3995,4.37632247349451
3996,4.24907541572442
3997,4.60791135941969
3998,5.65224790453345
3999,5.17079073242251
4000,4.88777562347337
4001,4.68313053999672
4002,4.5699729716824
4003,4.72447692282693
4004,5.82049294208226
4005,5.31472470419815
4006,4.79414849277288
4007,4.99845310538307
4008,1.22926118108459
4009,4.4163235532537
4010,-0.652977898898718
4011,3.80090994290475
4012,2.33781550818928
4013,2.000100949451
4014,0.454404142028231
4015,2.53319188624913
4016,2.11608971108278
4017,-0.0849954422944361
4018,1.49989284277087
4019,2.00292239168047
4020,0.236586582519695
4021,1.27343917004323
4022,0.122314369834533
4023,1.63461002520082
4024,0.738629556548858
4025,1.39198671188909
4026,-0.385970656889267
4027,2.23906936078156
4028,-0.379186387360892
4029,-0.581612483930333
4030,2.04668223489199
4031,1.21257232888056
4032,-3.21198203956315
4033,-0.101436315084008
4034,-0.05387502108487
4035,-1.14097207497058
4036,-0.210107501000411
4037,0.0268711662091086
4038,2.33691970213094
4039,2.80721508212996
4040,2.06289706334035
4041,-0.0292957006763359
4042,0.34887196138289
4043,-0.862682233703914
4044,0.16743312622289
4045,0.856302176118585
4046,1.91109345425869
4047,1.60391689566354
4048,1.59898854294701
4049,2.64773881777184
4050,2.2642391834379
4051,0.787793314151049
4052,2.81793283604131
4053,2.83940738044108
4054,0.683210199186419
4055,1.10295794774581
4056,0.733644552520476
4057,1.62862218951247
4058,0.227110127210978
4059,-0.51802447226058
4060,3.54637305556405
4061,-0.195915023446841
4062,2.73083538567365
4063,1.04198886766568
4064,2.4651979650102
4065,2.97652253678425
4066,1.75349099966323
4067,3.7190766013197
4068,2.82337683992171
4069,3.31161997717905
4070,2.13153941662615
4071,4.30203523444324
4072,4.75606515620655
4073,4.70747152303428
4074,3.16900419985016
4075,3.96297887394456
4076,3.80433215534539
4077,5.98527037668557
4078,5.73708533969685
4079,4.82069492709741
4080,5.84034977376564
4081,3.73167790887894
4082,1.98259257829408
4083,2.48079771767555
4084,2.9258045338385
4085,2.58706844668241
4086,1.40615737364215
4087,3.13040240333399
4088,4.50223542688922
4089,5.99688930225299
4090,5.6803323874123
4091,4.51399063626767
4092,4.64203137688426
4093,3.18272613256633
4094,3.72161584413429
4095,3.94153322388643
4096,4.51743534694694
4097,6.58002488176883
4098,6.19617508269947
4099,5.80432430560452
4100,5.40572884684044
4101,5.53146040888908
4102,4.39756615848923
4103,5.51991010454753
4104,6.36388597154872
4105,5.96807573648699
4106,5.56262342750393
4107,5.41154755943446
4108,4.33393194641489
4109,5.35525162550267
4110,6.098761005684
4111,5.68435398856793
4112,5.18632760975691
4113,4.33860927082339
4114,4.40867841543309
4115,5.6171100047453
4116,5.14135596728349
4117,5.23419323942294
4118,0.517346746960488
4119,2.96136632495944
4120,-0.173987083524084
4121,1.09157829902821
4122,3.0875686183179
4123,0.411609723742555
4124,-0.54970767158554
4125,2.82892610299353
4126,2.49227139916021
4127,0.180519572770674
4128,-0.0695371668005524
4129,2.27701245032037
4130,0.304341326487495
4131,0.622846735581786
4132,-1.07476975938218
4133,1.35923929814302
4134,-1.12743225197335
4135,0.876851971140838
4136,0.568015898655025
4137,-0.25595736529825
4138,0.449186703014612
4139,0.911364929292998
4140,-1.49786715118111
4141,3.07919041674188
4142,-1.40670314779344
4143,-1.47349744477084
4144,1.12181962238122
4145,0.368328767992007
4146,0.071946661335494
4147,-1.06433796411038
4148,-0.537259805355605
4149,-2.08318944742917
4150,-0.663847060554678
4151,-0.797307551031004
4152,2.08513501020192
4153,2.0408928534342
4154,0.968676901828367
4155,1.61280734090215
4156,1.13591331299211
4157,-0.215701008090315
4158,0.690254306127865
4159,-0.499629429757413
4160,0.574959417374652
4161,0.964356598426131
4162,1.10468067121684
4163,0.994144418729846
4164,1.46182036796407
4165,0.000373477774687991
4166,2.87973889458707
4167,2.84361176552257
4168,3.32206225725554
4169,2.86280789408485
4170,5.97014558045749
4171,5.64277462900482
4172,1.33219812736691
4173,2.48259799659333
4174,2.5951463911391
4175,6.31219611817781
4176,5.90564853422326
4177,3.20259652390756
4178,2.2639767381899
4179,2.83481553021437
4180,2.54210801363796
4181,4.94104959599636
4182,6.24300717840947
4183,5.93274725614901
4184,3.80909363114219
4185,2.46983122549935
4186,3.14814531634926
4187,1.87747884652539
4188,3.57451686532085
4189,5.38717764070961
4190,5.16850033227604
4191,4.26056370424176
4192,5.50474765198054
4193,2.39163590138251
4194,4.86201975470376
4195,3.00284814842042
4196,4.42465806143433
4197,4.09735115210689
4198,2.19059946752759
4199,2.3606742916171
4200,4.17891122861335
4201,2.45501892610618
4202,3.34330261674273
4203,1.83590085263352
4204,1.45721999697642
4205,1.59659305440084
4206,3.27606002674441
4207,1.14161520857863
4208,-0.590465638342132
4209,0.878007483307331
4210,2.50345692343669
4211,-0.83379546993215
4212,1.23101298255036
4213,0.820850512505368
4214,0.45609215195354
4215,2.04478295429517
4216,-0.309996894269641
4217,1.25970602523397
4218,0.0909019134493234
4219,0.460702487788849
4220,0.718975964945997
4221,1.91900754318574
4222,-0.350249983494696
4223,1.71973759753886
4224,-0.922949989879236
4225,1.82148696537813
4226,-0.101250009844155
4227,0.345049895826168
4228,-0.559453140915966
4229,-0.554422897348751
4230,1.13510826139019
4231,-0.692711873110839
4232,-0.110435434707647
4233,0.279469243180049
4234,-1.02542151530087
4235,2.54050705649025
4236,0.351448000358079
4237,2.57441933725317
4238,-0.856030345039712
4239,3.19398117901953
4240,0.103730022647723
4241,2.81606692116547
4242,-0.538531963978627
4243,0.419671791447572
4244,0.266911913786502
4245,0.551918951895482
4246,0.0924914712145983
4247,0.458398232426231
4248,0.119992547821221
4249,0.64574044379858
4250,0.95037793083035
4251,0.673682127772917
4252,0.390199643973062
4253,1.41844735685439
4254,-0.0539852021179059
4255,0.477935856226926
4256,-0.778011326335179
4257,3.22576165698918
4258,-0.96973226312334
4259,2.32667500187016
4260,0.0900606168803528
4261,0.400752434826253
4262,2.11113748866789
4263,2.68219741030867
4264,1.38851764896871
4265,1.69133929970573
4266,2.9654015304744
4267,1.6489927412373
4268,1.35669992122628
4269,3.44732095747161
4270,0.581546728353365
4271,4.62391913773854
4272,0.996452637241985
4273,0.956626308253903
4274,3.9600612011748
4275,1.30048094012588
4276,0.13061615860297
4277,3.08443009867244
4278,4.33224046458927
4279,1.01756847339228
4280,2.62095395929175
4281,3.40184885760424
4282,-0.505153049123095
4283,0.611234246327571
4284,1.6685379922624
4285,-1.54901467779197
4286,0.211019581113337
4287,0.622541430169808
4288,0.188943628807383
4289,2.23520625258411
4290,-3.44589278936206
4291,3.86813083875816
4292,-4.24945693576932
4293,2.93255899206742
4294,-2.95317238139662
4295,1.92670360103332
4296,1.4714531029374
4297,-0.431662886256259
4298,-0.822725278379139
4299,1.55294330726557
4300,0.119799765211875
4301,-0.316144924571617
4302,-0.619378063124841
4303,3.33078001747519
4304,-1.16181087686705
4305,2.33243939502129
4306,-0.367243689232498
4307,-0.20040815736587
4308,2.06970492854775
4309,2.57994042633435
4310,0.123736939134586
4311,-1.01796359441484
4312,2.83560090254012
4313,1.52226817443151
4314,-2.26851366458448
4315,3.35827295587778
4316,-2.05513443284115
4317,3.17638984010472
4318,3.85742304913983
4319,-1.65561986905981
4320,4.30929805862907
4321,4.18085617019268
4322,-0.812169410102804
4323,2.38374873036681
4324,3.17796877569106
4325,-0.102524372040548
4326,1.28755884486039
4327,-1.11070308688495
4328,0.895198380264144
4329,0.478860305070418
4330,1.6408730498677
4331,-1.6602945179819
4332,1.36842687398184
4333,1.06382558379112
4334,0.834208911969605
4335,2.17867457819147
4336,-1.43518068879261
4337,0.479140184395845
4338,1.47816310551234
4339,0.966384837996018
4340,2.1277087394768
4341,-3.35363186499797
4342,2.43274435619403
4343,2.33765166345754
4344,-2.90536067891675
4345,2.85485560957633
4346,2.57936502985603
4347,-0.793677480136084
4348,-1.91257333496492
4349,2.81982211910613
4350,1.55830563673541
4351,-3.37395130947988
4352,3.30158781650808
4353,-3.06964277090534
4354,3.08147633011728
4355,3.70554240513242
4356,-2.48973756876169
4357,3.19046426426497
4358,2.68342738939515
4359,0.550466783225357
4360,4.47397690342968
4361,0.614595758407893
4362,3.18606670717143
4363,1.86992586240416
4364,-0.958001525805662
4365,2.74814565684306
4366,-1.09375591813194
4367,3.38026103519057
4368,-0.754524576957807
4369,3.6181583570209
4370,-0.0823029395125872
4371,2.65563368837617
4372,-0.247094261592036
4373,0.422621860060979
